id,person_name,token,hmm_state
1,John Doe,john,NEUTRAL_CONTEXT
1,John Doe,ha,NEUTRAL_CONTEXT
1,John Doe,not,NEUTRAL_CONTEXT
1,John Doe,progressed,NEUTRAL_CONTEXT
1,John Doe,in,NEUTRAL_CONTEXT
1,John Doe,his,NEUTRAL_CONTEXT
1,John Doe,position,NEUTRAL_CONTEXT
1,John Doe,he,NEUTRAL_CONTEXT
1,John Doe,is,NEUTRAL_CONTEXT
1,John Doe,continuously,NEUTRAL_CONTEXT
1,John Doe,late,NEGATIVE_SIGNAL
1,John Doe,leaf,NEUTRAL_CONTEXT
1,John Doe,early,NEUTRAL_CONTEXT
1,John Doe,and,NEUTRAL_CONTEXT
1,John Doe,take,NEUTRAL_CONTEXT
1,John Doe,many,NEUTRAL_CONTEXT
1,John Doe,break,NEUTRAL_CONTEXT
1,John Doe,throughout,NEUTRAL_CONTEXT
1,John Doe,the,NEUTRAL_CONTEXT
1,John Doe,day,NEUTRAL_CONTEXT
1,John Doe,he,NEUTRAL_CONTEXT
1,John Doe,call,NEUTRAL_CONTEXT
1,John Doe,out,NEUTRAL_CONTEXT
1,John Doe,at,NEUTRAL_CONTEXT
1,John Doe,least,NEUTRAL_CONTEXT
1,John Doe,every,NEUTRAL_CONTEXT
1,John Doe,other,NEUTRAL_CONTEXT
1,John Doe,week,NEUTRAL_CONTEXT
1,John Doe,and,NEUTRAL_CONTEXT
1,John Doe,it,NEUTRAL_CONTEXT
1,John Doe,always,NEUTRAL_CONTEXT
1,John Doe,on,NEUTRAL_CONTEXT
1,John Doe,friday,NEUTRAL_CONTEXT
1,John Doe,his,NEUTRAL_CONTEXT
1,John Doe,performance,NEUTRAL_CONTEXT
1,John Doe,ha,NEUTRAL_CONTEXT
1,John Doe,significantly,NEUTRAL_CONTEXT
1,John Doe,declined,NEUTRAL_CONTEXT
1,John Doe,my,NEUTRAL_CONTEXT
1,John Doe,suggestion,NEUTRAL_CONTEXT
1,John Doe,is,NEUTRAL_CONTEXT
1,John Doe,he,NEUTRAL_CONTEXT
1,John Doe,is,NEUTRAL_CONTEXT
1,John Doe,not,NEUTRAL_CONTEXT
1,John Doe,suitable,NEUTRAL_CONTEXT
1,John Doe,for,NEUTRAL_CONTEXT
1,John Doe,this,NEUTRAL_CONTEXT
1,John Doe,position,NEUTRAL_CONTEXT
10045,Douglas Henry,douglas,NEUTRAL_CONTEXT
10045,Douglas Henry,henry,NEUTRAL_CONTEXT
10045,Douglas Henry,ha,NEUTRAL_CONTEXT
10045,Douglas Henry,been,NEUTRAL_CONTEXT
10045,Douglas Henry,having,NEUTRAL_CONTEXT
10045,Douglas Henry,trouble,NEUTRAL_CONTEXT
10045,Douglas Henry,in,NEUTRAL_CONTEXT
10045,Douglas Henry,all,NEUTRAL_CONTEXT
10045,Douglas Henry,area,NEUTRAL_CONTEXT
10045,Douglas Henry,of,NEUTRAL_CONTEXT
10045,Douglas Henry,the,NEUTRAL_CONTEXT
10045,Douglas Henry,job,NEUTRAL_CONTEXT
10045,Douglas Henry,he,NEUTRAL_CONTEXT
10045,Douglas Henry,rarely,RISK_SIGNAL
10045,Douglas Henry,arrives,NEUTRAL_CONTEXT
10045,Douglas Henry,at,NEUTRAL_CONTEXT
10045,Douglas Henry,work,NEUTRAL_CONTEXT
10045,Douglas Henry,on,NEUTRAL_CONTEXT
10045,Douglas Henry,time,NEUTRAL_CONTEXT
10045,Douglas Henry,he,NEUTRAL_CONTEXT
10045,Douglas Henry,often,NEUTRAL_CONTEXT
10045,Douglas Henry,phone,NEUTRAL_CONTEXT
10045,Douglas Henry,in,NEUTRAL_CONTEXT
10045,Douglas Henry,sick,NEUTRAL_CONTEXT
10045,Douglas Henry,and,NEUTRAL_CONTEXT
10045,Douglas Henry,try,NEUTRAL_CONTEXT
10045,Douglas Henry,to,NEUTRAL_CONTEXT
10045,Douglas Henry,make,NEUTRAL_CONTEXT
10045,Douglas Henry,excuse,NEUTRAL_CONTEXT
10045,Douglas Henry,to,NEUTRAL_CONTEXT
10045,Douglas Henry,leave,NEUTRAL_CONTEXT
10045,Douglas Henry,early,NEUTRAL_CONTEXT
10045,Douglas Henry,douglas,NEUTRAL_CONTEXT
10045,Douglas Henry,ha,NEUTRAL_CONTEXT
10045,Douglas Henry,not,NEUTRAL_CONTEXT
10045,Douglas Henry,had,NEUTRAL_CONTEXT
10045,Douglas Henry,good,POSITIVE_SIGNAL
10045,Douglas Henry,feedback,NEUTRAL_CONTEXT
10045,Douglas Henry,from,NEUTRAL_CONTEXT
10045,Douglas Henry,his,NEUTRAL_CONTEXT
10045,Douglas Henry,immediate,RISK_SIGNAL
10045,Douglas Henry,superior,NEUTRAL_CONTEXT
10045,Douglas Henry,about,NEUTRAL_CONTEXT
10045,Douglas Henry,the,NEUTRAL_CONTEXT
10045,Douglas Henry,quality,POSITIVE_SIGNAL
10045,Douglas Henry,of,NEUTRAL_CONTEXT
10045,Douglas Henry,his,NEUTRAL_CONTEXT
10045,Douglas Henry,work,NEUTRAL_CONTEXT
10045,Douglas Henry,he,NEUTRAL_CONTEXT
10045,Douglas Henry,lack,NEGATIVE_SIGNAL
10045,Douglas Henry,concentration,NEUTRAL_CONTEXT
10045,Douglas Henry,and,NEUTRAL_CONTEXT
10045,Douglas Henry,is,NEUTRAL_CONTEXT
10045,Douglas Henry,often,NEUTRAL_CONTEXT
10045,Douglas Henry,seen,NEUTRAL_CONTEXT
10045,Douglas Henry,daydreaming,NEUTRAL_CONTEXT
10045,Douglas Henry,in,NEUTRAL_CONTEXT
10045,Douglas Henry,short,NEUTRAL_CONTEXT
10045,Douglas Henry,it,NEUTRAL_CONTEXT
10045,Douglas Henry,seems,NEUTRAL_CONTEXT
10045,Douglas Henry,that,NEUTRAL_CONTEXT
10045,Douglas Henry,douglas,NEUTRAL_CONTEXT
10045,Douglas Henry,henry,NEUTRAL_CONTEXT
10045,Douglas Henry,is,NEUTRAL_CONTEXT
10045,Douglas Henry,not,NEUTRAL_CONTEXT
10045,Douglas Henry,a,NEUTRAL_CONTEXT
10045,Douglas Henry,good,POSITIVE_SIGNAL
10045,Douglas Henry,employee,NEUTRAL_CONTEXT
10045,Douglas Henry,for,NEUTRAL_CONTEXT
10045,Douglas Henry,this,NEUTRAL_CONTEXT
10045,Douglas Henry,company,NEUTRAL_CONTEXT
10045,Douglas Henry,and,NEUTRAL_CONTEXT
10045,Douglas Henry,should,NEUTRAL_CONTEXT
10045,Douglas Henry,be,NEUTRAL_CONTEXT
10045,Douglas Henry,let,NEUTRAL_CONTEXT
10045,Douglas Henry,go,NEUTRAL_CONTEXT
10045,Douglas Henry,a,NEUTRAL_CONTEXT
10045,Douglas Henry,soon,NEUTRAL_CONTEXT
10045,Douglas Henry,a,NEUTRAL_CONTEXT
10045,Douglas Henry,possible,NEUTRAL_CONTEXT
10044,Douglas Henry,douglas,NEUTRAL_CONTEXT
10044,Douglas Henry,ha,NEUTRAL_CONTEXT
10044,Douglas Henry,a,NEUTRAL_CONTEXT
10044,Douglas Henry,lot,NEUTRAL_CONTEXT
10044,Douglas Henry,to,NEUTRAL_CONTEXT
10044,Douglas Henry,work,NEUTRAL_CONTEXT
10044,Douglas Henry,on,NEUTRAL_CONTEXT
10044,Douglas Henry,and,NEUTRAL_CONTEXT
10044,Douglas Henry,area,NEUTRAL_CONTEXT
10044,Douglas Henry,to,NEUTRAL_CONTEXT
10044,Douglas Henry,grow,NEUTRAL_CONTEXT
10044,Douglas Henry,in,NEUTRAL_CONTEXT
10044,Douglas Henry,at,NEUTRAL_CONTEXT
10044,Douglas Henry,work,NEUTRAL_CONTEXT
10044,Douglas Henry,he,NEUTRAL_CONTEXT
10044,Douglas Henry,lack,NEGATIVE_SIGNAL
10044,Douglas Henry,the,NEUTRAL_CONTEXT
10044,Douglas Henry,drive,NEUTRAL_CONTEXT
10044,Douglas Henry,to,NEUTRAL_CONTEXT
10044,Douglas Henry,accomplish,NEUTRAL_CONTEXT
10044,Douglas Henry,any,NEUTRAL_CONTEXT
10044,Douglas Henry,task,NEUTRAL_CONTEXT
10044,Douglas Henry,with,NEUTRAL_CONTEXT
10044,Douglas Henry,sound,NEUTRAL_CONTEXT
10044,Douglas Henry,quality,POSITIVE_SIGNAL
10044,Douglas Henry,he,NEUTRAL_CONTEXT
10044,Douglas Henry,come,NEUTRAL_CONTEXT
10044,Douglas Henry,to,NEUTRAL_CONTEXT
10044,Douglas Henry,work,NEUTRAL_CONTEXT
10044,Douglas Henry,with,NEUTRAL_CONTEXT
10044,Douglas Henry,an,NEUTRAL_CONTEXT
10044,Douglas Henry,apathetic,NEUTRAL_CONTEXT
10044,Douglas Henry,attitude,RISK_SIGNAL
10044,Douglas Henry,and,NEUTRAL_CONTEXT
10044,Douglas Henry,applies,NEUTRAL_CONTEXT
10044,Douglas Henry,that,NEUTRAL_CONTEXT
10044,Douglas Henry,to,NEUTRAL_CONTEXT
10044,Douglas Henry,his,NEUTRAL_CONTEXT
10044,Douglas Henry,daily,NEUTRAL_CONTEXT
10044,Douglas Henry,task,NEUTRAL_CONTEXT
10044,Douglas Henry,due,NEUTRAL_CONTEXT
10044,Douglas Henry,to,NEUTRAL_CONTEXT
10044,Douglas Henry,his,NEUTRAL_CONTEXT
10044,Douglas Henry,lack,NEGATIVE_SIGNAL
10044,Douglas Henry,of,NEUTRAL_CONTEXT
10044,Douglas Henry,initiative,GROWTH_SIGNAL
10044,Douglas Henry,we,NEUTRAL_CONTEXT
10044,Douglas Henry,do,NEUTRAL_CONTEXT
10044,Douglas Henry,not,NEUTRAL_CONTEXT
10044,Douglas Henry,think,NEUTRAL_CONTEXT
10044,Douglas Henry,he,NEUTRAL_CONTEXT
10044,Douglas Henry,ha,NEUTRAL_CONTEXT
10044,Douglas Henry,much,NEUTRAL_CONTEXT
10044,Douglas Henry,of,NEUTRAL_CONTEXT
10044,Douglas Henry,a,NEUTRAL_CONTEXT
10044,Douglas Henry,future,GROWTH_SIGNAL
10044,Douglas Henry,with,NEUTRAL_CONTEXT
10044,Douglas Henry,our,NEUTRAL_CONTEXT
10044,Douglas Henry,company,NEUTRAL_CONTEXT
10005,Freddie Davies,freddie,NEUTRAL_CONTEXT
10005,Freddie Davies,is,NEUTRAL_CONTEXT
10005,Freddie Davies,a,NEUTRAL_CONTEXT
10005,Freddie Davies,nice,NEUTRAL_CONTEXT
10005,Freddie Davies,guy,NEUTRAL_CONTEXT
10005,Freddie Davies,but,NEUTRAL_CONTEXT
10005,Freddie Davies,his,NEUTRAL_CONTEXT
10005,Freddie Davies,performance,NEUTRAL_CONTEXT
10005,Freddie Davies,and,NEUTRAL_CONTEXT
10005,Freddie Davies,potential,GROWTH_SIGNAL
10005,Freddie Davies,level,NEUTRAL_CONTEXT
10005,Freddie Davies,are,NEUTRAL_CONTEXT
10005,Freddie Davies,ver,NEUTRAL_CONTEXT
10005,Freddie Davies,poor,NEGATIVE_SIGNAL
10005,Freddie Davies,i,NEUTRAL_CONTEXT
10005,Freddie Davies,am,NEUTRAL_CONTEXT
10005,Freddie Davies,not,NEUTRAL_CONTEXT
10005,Freddie Davies,seeing,NEUTRAL_CONTEXT
10005,Freddie Davies,much,NEUTRAL_CONTEXT
10005,Freddie Davies,motivation,NEUTRAL_CONTEXT
10005,Freddie Davies,to,NEUTRAL_CONTEXT
10005,Freddie Davies,perform,NEUTRAL_CONTEXT
10005,Freddie Davies,nor,NEUTRAL_CONTEXT
10005,Freddie Davies,am,NEUTRAL_CONTEXT
10005,Freddie Davies,i,NEUTRAL_CONTEXT
10005,Freddie Davies,seeing,NEUTRAL_CONTEXT
10005,Freddie Davies,the,NEUTRAL_CONTEXT
10005,Freddie Davies,potential,GROWTH_SIGNAL
10005,Freddie Davies,to,NEUTRAL_CONTEXT
10005,Freddie Davies,want,NEUTRAL_CONTEXT
10005,Freddie Davies,to,NEUTRAL_CONTEXT
10005,Freddie Davies,perform,NEUTRAL_CONTEXT
10005,Freddie Davies,either,NEUTRAL_CONTEXT
10005,Freddie Davies,i,NEUTRAL_CONTEXT
10005,Freddie Davies,think,NEUTRAL_CONTEXT
10005,Freddie Davies,he,NEUTRAL_CONTEXT
10005,Freddie Davies,may,NEUTRAL_CONTEXT
10005,Freddie Davies,be,NEUTRAL_CONTEXT
10005,Freddie Davies,too,NEUTRAL_CONTEXT
10005,Freddie Davies,risky,NEUTRAL_CONTEXT
10005,Freddie Davies,for,NEUTRAL_CONTEXT
10005,Freddie Davies,our,NEUTRAL_CONTEXT
10005,Freddie Davies,team,NEUTRAL_CONTEXT
10005,Freddie Davies,at,NEUTRAL_CONTEXT
10005,Freddie Davies,this,NEUTRAL_CONTEXT
10005,Freddie Davies,time,NEUTRAL_CONTEXT
10005,Freddie Davies,if,NEUTRAL_CONTEXT
10005,Freddie Davies,i,NEUTRAL_CONTEXT
10005,Freddie Davies,saw,NEUTRAL_CONTEXT
10005,Freddie Davies,more,NEUTRAL_CONTEXT
10005,Freddie Davies,potential,GROWTH_SIGNAL
10005,Freddie Davies,there,NEUTRAL_CONTEXT
10005,Freddie Davies,i,NEUTRAL_CONTEXT
10005,Freddie Davies,would,NEUTRAL_CONTEXT
10005,Freddie Davies,say,NEUTRAL_CONTEXT
10005,Freddie Davies,let,NEUTRAL_CONTEXT
10005,Freddie Davies,keep,NEUTRAL_CONTEXT
10005,Freddie Davies,him,NEUTRAL_CONTEXT
10005,Freddie Davies,on,NEUTRAL_CONTEXT
10005,Freddie Davies,so,NEUTRAL_CONTEXT
10005,Freddie Davies,we,NEUTRAL_CONTEXT
10005,Freddie Davies,can,NEUTRAL_CONTEXT
10005,Freddie Davies,see,NEUTRAL_CONTEXT
10005,Freddie Davies,what,NEUTRAL_CONTEXT
10005,Freddie Davies,he,NEUTRAL_CONTEXT
10005,Freddie Davies,doe,NEUTRAL_CONTEXT
10005,Freddie Davies,in,NEUTRAL_CONTEXT
10005,Freddie Davies,the,NEUTRAL_CONTEXT
10005,Freddie Davies,long,NEUTRAL_CONTEXT
10005,Freddie Davies,run,NEUTRAL_CONTEXT
10005,Freddie Davies,however,NEUTRAL_CONTEXT
10005,Freddie Davies,i,NEUTRAL_CONTEXT
10005,Freddie Davies,am,NEUTRAL_CONTEXT
10005,Freddie Davies,not,NEUTRAL_CONTEXT
10005,Freddie Davies,seeing,NEUTRAL_CONTEXT
10005,Freddie Davies,enough,NEUTRAL_CONTEXT
10005,Freddie Davies,motivation,NEUTRAL_CONTEXT
10005,Freddie Davies,or,NEUTRAL_CONTEXT
10005,Freddie Davies,positivity,NEUTRAL_CONTEXT
10005,Freddie Davies,from,NEUTRAL_CONTEXT
10005,Freddie Davies,him,NEUTRAL_CONTEXT
10005,Freddie Davies,at,NEUTRAL_CONTEXT
10005,Freddie Davies,this,NEUTRAL_CONTEXT
10005,Freddie Davies,time,NEUTRAL_CONTEXT
10004,Freddie Davies,freddie,NEUTRAL_CONTEXT
10004,Freddie Davies,ha,NEUTRAL_CONTEXT
10004,Freddie Davies,been,NEUTRAL_CONTEXT
10004,Freddie Davies,quite,NEUTRAL_CONTEXT
10004,Freddie Davies,disappointing,NEUTRAL_CONTEXT
10004,Freddie Davies,this,NEUTRAL_CONTEXT
10004,Freddie Davies,quarter,NEUTRAL_CONTEXT
10004,Freddie Davies,quite,NEUTRAL_CONTEXT
10004,Freddie Davies,being,NEUTRAL_CONTEXT
10004,Freddie Davies,an,NEUTRAL_CONTEXT
10004,Freddie Davies,understatement,NEUTRAL_CONTEXT
10004,Freddie Davies,while,NEUTRAL_CONTEXT
10004,Freddie Davies,the,NEUTRAL_CONTEXT
10004,Freddie Davies,whole,NEUTRAL_CONTEXT
10004,Freddie Davies,team,NEUTRAL_CONTEXT
10004,Freddie Davies,is,NEUTRAL_CONTEXT
10004,Freddie Davies,flooded,NEUTRAL_CONTEXT
10004,Freddie Davies,with,NEUTRAL_CONTEXT
10004,Freddie Davies,phone,NEUTRAL_CONTEXT
10004,Freddie Davies,call,NEUTRAL_CONTEXT
10004,Freddie Davies,due,NEUTRAL_CONTEXT
10004,Freddie Davies,to,NEUTRAL_CONTEXT
10004,Freddie Davies,the,NEUTRAL_CONTEXT
10004,Freddie Davies,ongoing,NEUTRAL_CONTEXT
10004,Freddie Davies,pandemic,NEUTRAL_CONTEXT
10004,Freddie Davies,he,NEUTRAL_CONTEXT
10004,Freddie Davies,ha,NEUTRAL_CONTEXT
10004,Freddie Davies,taken,NEUTRAL_CONTEXT
10004,Freddie Davies,unplanned,NEUTRAL_CONTEXT
10004,Freddie Davies,leaf,NEUTRAL_CONTEXT
10004,Freddie Davies,citing,NEUTRAL_CONTEXT
10004,Freddie Davies,personal,NEUTRAL_CONTEXT
10004,Freddie Davies,emergency,NEUTRAL_CONTEXT
10004,Freddie Davies,which,NEUTRAL_CONTEXT
10004,Freddie Davies,turned,NEUTRAL_CONTEXT
10004,Freddie Davies,to,NEUTRAL_CONTEXT
10004,Freddie Davies,be,NEUTRAL_CONTEXT
10004,Freddie Davies,a,NEUTRAL_CONTEXT
10004,Freddie Davies,blatant,NEUTRAL_CONTEXT
10004,Freddie Davies,lie,NEUTRAL_CONTEXT
10004,Freddie Davies,according,NEUTRAL_CONTEXT
10004,Freddie Davies,to,NEUTRAL_CONTEXT
10004,Freddie Davies,his,NEUTRAL_CONTEXT
10004,Freddie Davies,social,NEUTRAL_CONTEXT
10004,Freddie Davies,medium,NEUTRAL_CONTEXT
10004,Freddie Davies,account,NEUTRAL_CONTEXT
10004,Freddie Davies,workwise,NEUTRAL_CONTEXT
10004,Freddie Davies,his,NEUTRAL_CONTEXT
10004,Freddie Davies,output,NEUTRAL_CONTEXT
10004,Freddie Davies,is,NEUTRAL_CONTEXT
10004,Freddie Davies,alarmingly,NEUTRAL_CONTEXT
10004,Freddie Davies,lower,NEUTRAL_CONTEXT
10004,Freddie Davies,than,NEUTRAL_CONTEXT
10004,Freddie Davies,the,NEUTRAL_CONTEXT
10004,Freddie Davies,next,NEUTRAL_CONTEXT
10004,Freddie Davies,worst,NEUTRAL_CONTEXT
10004,Freddie Davies,performer,NEUTRAL_CONTEXT
10004,Freddie Davies,in,NEUTRAL_CONTEXT
10004,Freddie Davies,the,NEUTRAL_CONTEXT
10004,Freddie Davies,team,NEUTRAL_CONTEXT
10004,Freddie Davies,freddie,NEUTRAL_CONTEXT
10004,Freddie Davies,should,NEUTRAL_CONTEXT
10004,Freddie Davies,redeem,NEUTRAL_CONTEXT
10004,Freddie Davies,himself,NEUTRAL_CONTEXT
10004,Freddie Davies,swiftly,NEUTRAL_CONTEXT
10004,Freddie Davies,if,NEUTRAL_CONTEXT
10004,Freddie Davies,he,NEUTRAL_CONTEXT
10004,Freddie Davies,a,NEUTRAL_CONTEXT
10004,Freddie Davies,to,NEUTRAL_CONTEXT
10004,Freddie Davies,continue,NEUTRAL_CONTEXT
10004,Freddie Davies,in,NEUTRAL_CONTEXT
10004,Freddie Davies,this,NEUTRAL_CONTEXT
10004,Freddie Davies,team,NEUTRAL_CONTEXT
326,Dylan Baker,he,NEUTRAL_CONTEXT
326,Dylan Baker,is,NEUTRAL_CONTEXT
326,Dylan Baker,not,NEUTRAL_CONTEXT
326,Dylan Baker,helpful,NEUTRAL_CONTEXT
326,Dylan Baker,dylan,NEUTRAL_CONTEXT
326,Dylan Baker,is,NEUTRAL_CONTEXT
326,Dylan Baker,not,NEUTRAL_CONTEXT
326,Dylan Baker,a,NEUTRAL_CONTEXT
326,Dylan Baker,teamplayer,NEUTRAL_CONTEXT
326,Dylan Baker,he,NEUTRAL_CONTEXT
326,Dylan Baker,doe,NEUTRAL_CONTEXT
326,Dylan Baker,not,NEUTRAL_CONTEXT
326,Dylan Baker,incorporate,NEUTRAL_CONTEXT
326,Dylan Baker,feedback,NEUTRAL_CONTEXT
326,Dylan Baker,he,NEUTRAL_CONTEXT
326,Dylan Baker,is,NEUTRAL_CONTEXT
326,Dylan Baker,reliable,POSITIVE_SIGNAL
326,Dylan Baker,most,NEUTRAL_CONTEXT
326,Dylan Baker,of,NEUTRAL_CONTEXT
326,Dylan Baker,the,NEUTRAL_CONTEXT
326,Dylan Baker,time,NEUTRAL_CONTEXT
326,Dylan Baker,but,NEUTRAL_CONTEXT
326,Dylan Baker,would,NEUTRAL_CONTEXT
326,Dylan Baker,be,NEUTRAL_CONTEXT
326,Dylan Baker,better,NEUTRAL_CONTEXT
326,Dylan Baker,if,NEUTRAL_CONTEXT
326,Dylan Baker,he,NEUTRAL_CONTEXT
326,Dylan Baker,listened,NEUTRAL_CONTEXT
326,Dylan Baker,to,NEUTRAL_CONTEXT
326,Dylan Baker,feedback,NEUTRAL_CONTEXT
326,Dylan Baker,and,NEUTRAL_CONTEXT
326,Dylan Baker,cooperated,NEUTRAL_CONTEXT
326,Dylan Baker,more,NEUTRAL_CONTEXT
285,Isobel Foster,isobel,NEUTRAL_CONTEXT
285,Isobel Foster,foster,NEUTRAL_CONTEXT
285,Isobel Foster,what,NEUTRAL_CONTEXT
285,Isobel Foster,a,NEUTRAL_CONTEXT
285,Isobel Foster,player,NEUTRAL_CONTEXT
285,Isobel Foster,to,NEUTRAL_CONTEXT
285,Isobel Foster,have,NEUTRAL_CONTEXT
285,Isobel Foster,easily,NEUTRAL_CONTEXT
285,Isobel Foster,one,NEUTRAL_CONTEXT
285,Isobel Foster,of,NEUTRAL_CONTEXT
285,Isobel Foster,the,NEUTRAL_CONTEXT
285,Isobel Foster,worse,NEUTRAL_CONTEXT
285,Isobel Foster,player,NEUTRAL_CONTEXT
285,Isobel Foster,that,NEUTRAL_CONTEXT
285,Isobel Foster,i,NEUTRAL_CONTEXT
285,Isobel Foster,have,NEUTRAL_CONTEXT
285,Isobel Foster,ever,NEUTRAL_CONTEXT
285,Isobel Foster,coached,NEUTRAL_CONTEXT
285,Isobel Foster,he,NEUTRAL_CONTEXT
285,Isobel Foster,doe,NEUTRAL_CONTEXT
285,Isobel Foster,not,NEUTRAL_CONTEXT
285,Isobel Foster,give,NEUTRAL_CONTEXT
285,Isobel Foster,enough,NEUTRAL_CONTEXT
285,Isobel Foster,effort,NEUTRAL_CONTEXT
285,Isobel Foster,on,NEUTRAL_CONTEXT
285,Isobel Foster,the,NEUTRAL_CONTEXT
285,Isobel Foster,defense,NEUTRAL_CONTEXT
285,Isobel Foster,end,NEUTRAL_CONTEXT
285,Isobel Foster,that,NEUTRAL_CONTEXT
285,Isobel Foster,opposing,NEUTRAL_CONTEXT
285,Isobel Foster,player,NEUTRAL_CONTEXT
285,Isobel Foster,will,NEUTRAL_CONTEXT
285,Isobel Foster,exploit,NEUTRAL_CONTEXT
285,Isobel Foster,it,NEUTRAL_CONTEXT
285,Isobel Foster,and,NEUTRAL_CONTEXT
285,Isobel Foster,get,NEUTRAL_CONTEXT
285,Isobel Foster,easy,NEUTRAL_CONTEXT
285,Isobel Foster,bucket,NEUTRAL_CONTEXT
285,Isobel Foster,whenever,NEUTRAL_CONTEXT
285,Isobel Foster,the,NEUTRAL_CONTEXT
285,Isobel Foster,team,NEUTRAL_CONTEXT
285,Isobel Foster,fall,NEUTRAL_CONTEXT
285,Isobel Foster,down,NEUTRAL_CONTEXT
285,Isobel Foster,into,NEUTRAL_CONTEXT
285,Isobel Foster,double,NEUTRAL_CONTEXT
285,Isobel Foster,digit,NEUTRAL_CONTEXT
285,Isobel Foster,he,NEUTRAL_CONTEXT
285,Isobel Foster,give,NEUTRAL_CONTEXT
285,Isobel Foster,up,NEUTRAL_CONTEXT
285,Isobel Foster,too,NEUTRAL_CONTEXT
285,Isobel Foster,easily,NEUTRAL_CONTEXT
285,Isobel Foster,and,NEUTRAL_CONTEXT
285,Isobel Foster,just,NEUTRAL_CONTEXT
285,Isobel Foster,put,NEUTRAL_CONTEXT
285,Isobel Foster,no,NEUTRAL_CONTEXT
285,Isobel Foster,effort,NEUTRAL_CONTEXT
285,Isobel Foster,into,NEUTRAL_CONTEXT
285,Isobel Foster,his,NEUTRAL_CONTEXT
285,Isobel Foster,game,NEUTRAL_CONTEXT
285,Isobel Foster,while,NEUTRAL_CONTEXT
285,Isobel Foster,his,NEUTRAL_CONTEXT
285,Isobel Foster,offense,NEUTRAL_CONTEXT
285,Isobel Foster,can,NEUTRAL_CONTEXT
285,Isobel Foster,be,NEUTRAL_CONTEXT
285,Isobel Foster,refined,NEUTRAL_CONTEXT
285,Isobel Foster,to,NEUTRAL_CONTEXT
285,Isobel Foster,be,NEUTRAL_CONTEXT
285,Isobel Foster,a,NEUTRAL_CONTEXT
285,Isobel Foster,decent,NEUTRAL_CONTEXT
285,Isobel Foster,scorer,NEUTRAL_CONTEXT
285,Isobel Foster,his,NEUTRAL_CONTEXT
285,Isobel Foster,defensive,NEUTRAL_CONTEXT
285,Isobel Foster,end,NEUTRAL_CONTEXT
285,Isobel Foster,dictate,NEUTRAL_CONTEXT
285,Isobel Foster,his,NEUTRAL_CONTEXT
285,Isobel Foster,effort,NEUTRAL_CONTEXT
285,Isobel Foster,into,NEUTRAL_CONTEXT
285,Isobel Foster,the,NEUTRAL_CONTEXT
285,Isobel Foster,game,NEUTRAL_CONTEXT
285,Isobel Foster,he,NEUTRAL_CONTEXT
285,Isobel Foster,might,NEUTRAL_CONTEXT
285,Isobel Foster,be,NEUTRAL_CONTEXT
285,Isobel Foster,an,NEUTRAL_CONTEXT
285,Isobel Foster,option,NEUTRAL_CONTEXT
285,Isobel Foster,for,NEUTRAL_CONTEXT
285,Isobel Foster,just,NEUTRAL_CONTEXT
285,Isobel Foster,scoring,NEUTRAL_CONTEXT
285,Isobel Foster,when,NEUTRAL_CONTEXT
285,Isobel Foster,the,NEUTRAL_CONTEXT
285,Isobel Foster,lead,NEUTRAL_CONTEXT
285,Isobel Foster,is,NEUTRAL_CONTEXT
285,Isobel Foster,higher,NEUTRAL_CONTEXT
285,Isobel Foster,but,NEUTRAL_CONTEXT
285,Isobel Foster,dont,NEUTRAL_CONTEXT
285,Isobel Foster,expect,NEUTRAL_CONTEXT
285,Isobel Foster,him,NEUTRAL_CONTEXT
285,Isobel Foster,to,NEUTRAL_CONTEXT
285,Isobel Foster,be,NEUTRAL_CONTEXT
285,Isobel Foster,greater,NEUTRAL_CONTEXT
285,Isobel Foster,than,NEUTRAL_CONTEXT
285,Isobel Foster,that,NEUTRAL_CONTEXT
264,Carl Thorn,mr,NEUTRAL_CONTEXT
264,Carl Thorn,thorn,NEUTRAL_CONTEXT
264,Carl Thorn,is,NEUTRAL_CONTEXT
264,Carl Thorn,somewhat,NEUTRAL_CONTEXT
264,Carl Thorn,over,NEUTRAL_CONTEXT
264,Carl Thorn,his,NEUTRAL_CONTEXT
264,Carl Thorn,head,NEUTRAL_CONTEXT
264,Carl Thorn,he,NEUTRAL_CONTEXT
264,Carl Thorn,is,NEUTRAL_CONTEXT
264,Carl Thorn,typically,NEUTRAL_CONTEXT
264,Carl Thorn,unable,RISK_SIGNAL
264,Carl Thorn,to,NEUTRAL_CONTEXT
264,Carl Thorn,perform,NEUTRAL_CONTEXT
264,Carl Thorn,the,NEUTRAL_CONTEXT
264,Carl Thorn,essential,NEUTRAL_CONTEXT
264,Carl Thorn,function,NEUTRAL_CONTEXT
264,Carl Thorn,of,NEUTRAL_CONTEXT
264,Carl Thorn,his,NEUTRAL_CONTEXT
264,Carl Thorn,job,NEUTRAL_CONTEXT
264,Carl Thorn,that,NEUTRAL_CONTEXT
264,Carl Thorn,said,NEUTRAL_CONTEXT
264,Carl Thorn,he,NEUTRAL_CONTEXT
264,Carl Thorn,ha,NEUTRAL_CONTEXT
264,Carl Thorn,shown,NEUTRAL_CONTEXT
264,Carl Thorn,a,NEUTRAL_CONTEXT
264,Carl Thorn,willingness,NEUTRAL_CONTEXT
264,Carl Thorn,to,NEUTRAL_CONTEXT
264,Carl Thorn,learn,NEUTRAL_CONTEXT
264,Carl Thorn,it,NEUTRAL_CONTEXT
264,Carl Thorn,would,NEUTRAL_CONTEXT
264,Carl Thorn,probably,NEUTRAL_CONTEXT
264,Carl Thorn,be,NEUTRAL_CONTEXT
264,Carl Thorn,worth,NEUTRAL_CONTEXT
264,Carl Thorn,it,NEUTRAL_CONTEXT
264,Carl Thorn,to,NEUTRAL_CONTEXT
264,Carl Thorn,the,NEUTRAL_CONTEXT
264,Carl Thorn,organization,NEUTRAL_CONTEXT
264,Carl Thorn,to,NEUTRAL_CONTEXT
264,Carl Thorn,provide,NEUTRAL_CONTEXT
264,Carl Thorn,him,NEUTRAL_CONTEXT
264,Carl Thorn,with,NEUTRAL_CONTEXT
264,Carl Thorn,additional,NEUTRAL_CONTEXT
264,Carl Thorn,support,NEUTRAL_CONTEXT
264,Carl Thorn,and,NEUTRAL_CONTEXT
264,Carl Thorn,re,NEUTRAL_CONTEXT
264,Carl Thorn,evaluate,NEUTRAL_CONTEXT
264,Carl Thorn,to,NEUTRAL_CONTEXT
264,Carl Thorn,see,NEUTRAL_CONTEXT
264,Carl Thorn,if,NEUTRAL_CONTEXT
264,Carl Thorn,that,NEUTRAL_CONTEXT
264,Carl Thorn,might,NEUTRAL_CONTEXT
264,Carl Thorn,improve,GROWTH_SIGNAL
264,Carl Thorn,his,NEUTRAL_CONTEXT
264,Carl Thorn,performance,NEUTRAL_CONTEXT
158,Joel Wells,joel,NEUTRAL_CONTEXT
158,Joel Wells,well,NEUTRAL_CONTEXT
158,Joel Wells,performance,NEUTRAL_CONTEXT
158,Joel Wells,is,NEUTRAL_CONTEXT
158,Joel Wells,not,NEUTRAL_CONTEXT
158,Joel Wells,where,NEUTRAL_CONTEXT
158,Joel Wells,we,NEUTRAL_CONTEXT
158,Joel Wells,want,NEUTRAL_CONTEXT
158,Joel Wells,it,NEUTRAL_CONTEXT
158,Joel Wells,to,NEUTRAL_CONTEXT
158,Joel Wells,be,NEUTRAL_CONTEXT
158,Joel Wells,his,NEUTRAL_CONTEXT
158,Joel Wells,work,NEUTRAL_CONTEXT
158,Joel Wells,is,NEUTRAL_CONTEXT
158,Joel Wells,not,NEUTRAL_CONTEXT
158,Joel Wells,always,NEUTRAL_CONTEXT
158,Joel Wells,up,NEUTRAL_CONTEXT
158,Joel Wells,to,NEUTRAL_CONTEXT
158,Joel Wells,standard,NEUTRAL_CONTEXT
158,Joel Wells,he,NEUTRAL_CONTEXT
158,Joel Wells,work,NEUTRAL_CONTEXT
158,Joel Wells,slowly,NEUTRAL_CONTEXT
158,Joel Wells,and,NEUTRAL_CONTEXT
158,Joel Wells,doe,NEUTRAL_CONTEXT
158,Joel Wells,not,NEUTRAL_CONTEXT
158,Joel Wells,work,NEUTRAL_CONTEXT
158,Joel Wells,well,NEUTRAL_CONTEXT
158,Joel Wells,with,NEUTRAL_CONTEXT
158,Joel Wells,the,NEUTRAL_CONTEXT
158,Joel Wells,team,NEUTRAL_CONTEXT
158,Joel Wells,his,NEUTRAL_CONTEXT
158,Joel Wells,communication,NEUTRAL_CONTEXT
158,Joel Wells,is,NEUTRAL_CONTEXT
158,Joel Wells,lacking,NEGATIVE_SIGNAL
155,Amy John,he,NEUTRAL_CONTEXT
155,Amy John,ha,NEUTRAL_CONTEXT
155,Amy John,the,NEUTRAL_CONTEXT
155,Amy John,attitude,RISK_SIGNAL
155,Amy John,of,NEUTRAL_CONTEXT
155,Amy John,doing,NEUTRAL_CONTEXT
155,Amy John,only,NEUTRAL_CONTEXT
155,Amy John,what,NEUTRAL_CONTEXT
155,Amy John,ha,NEUTRAL_CONTEXT
155,Amy John,been,NEUTRAL_CONTEXT
155,Amy John,told,NEUTRAL_CONTEXT
155,Amy John,but,NEUTRAL_CONTEXT
155,Amy John,he,NEUTRAL_CONTEXT
155,Amy John,is,NEUTRAL_CONTEXT
155,Amy John,expected,NEUTRAL_CONTEXT
155,Amy John,to,NEUTRAL_CONTEXT
155,Amy John,do,NEUTRAL_CONTEXT
155,Amy John,something,NEUTRAL_CONTEXT
155,Amy John,implied,NEUTRAL_CONTEXT
155,Amy John,and,NEUTRAL_CONTEXT
155,Amy John,not,NEUTRAL_CONTEXT
155,Amy John,specifically,NEUTRAL_CONTEXT
155,Amy John,told,NEUTRAL_CONTEXT
155,Amy John,even,NEUTRAL_CONTEXT
155,Amy John,after,NEUTRAL_CONTEXT
155,Amy John,repeated,NEUTRAL_CONTEXT
155,Amy John,instruction,NEUTRAL_CONTEXT
155,Amy John,what,NEUTRAL_CONTEXT
155,Amy John,ha,NEUTRAL_CONTEXT
155,Amy John,been,NEUTRAL_CONTEXT
155,Amy John,missing,NEGATIVE_SIGNAL
155,Amy John,implied,NEUTRAL_CONTEXT
155,Amy John,even,NEUTRAL_CONTEXT
155,Amy John,specifically,NEUTRAL_CONTEXT
155,Amy John,not,NEUTRAL_CONTEXT
155,Amy John,told,NEUTRAL_CONTEXT
155,Amy John,he,NEUTRAL_CONTEXT
155,Amy John,lag,NEUTRAL_CONTEXT
155,Amy John,understanding,NEUTRAL_CONTEXT
155,Amy John,his,NEUTRAL_CONTEXT
155,Amy John,capacity,GROWTH_SIGNAL
155,Amy John,to,NEUTRAL_CONTEXT
155,Amy John,think,NEUTRAL_CONTEXT
155,Amy John,beyong,NEUTRAL_CONTEXT
155,Amy John,the,NEUTRAL_CONTEXT
155,Amy John,specification,NEUTRAL_CONTEXT
155,Amy John,lag,NEUTRAL_CONTEXT
155,Amy John,his,NEUTRAL_CONTEXT
155,Amy John,development,GROWTH_SIGNAL
153,Amy John,amy,NEUTRAL_CONTEXT
153,Amy John,john,NEUTRAL_CONTEXT
153,Amy John,is,NEUTRAL_CONTEXT
153,Amy John,a,NEUTRAL_CONTEXT
153,Amy John,mediocre,NEUTRAL_CONTEXT
153,Amy John,worker,NEUTRAL_CONTEXT
153,Amy John,she,NEUTRAL_CONTEXT
153,Amy John,doe,NEUTRAL_CONTEXT
153,Amy John,not,NEUTRAL_CONTEXT
153,Amy John,try,NEUTRAL_CONTEXT
153,Amy John,to,NEUTRAL_CONTEXT
153,Amy John,go,NEUTRAL_CONTEXT
153,Amy John,above,NEUTRAL_CONTEXT
153,Amy John,and,NEUTRAL_CONTEXT
153,Amy John,beyond,NEUTRAL_CONTEXT
153,Amy John,what,NEUTRAL_CONTEXT
153,Amy John,is,NEUTRAL_CONTEXT
153,Amy John,asked,NEUTRAL_CONTEXT
153,Amy John,of,NEUTRAL_CONTEXT
153,Amy John,her,NEUTRAL_CONTEXT
153,Amy John,she,NEUTRAL_CONTEXT
153,Amy John,often,NEUTRAL_CONTEXT
153,Amy John,doe,NEUTRAL_CONTEXT
153,Amy John,the,NEUTRAL_CONTEXT
153,Amy John,minimum,NEUTRAL_CONTEXT
153,Amy John,of,NEUTRAL_CONTEXT
153,Amy John,task,NEUTRAL_CONTEXT
153,Amy John,asked,NEUTRAL_CONTEXT
153,Amy John,of,NEUTRAL_CONTEXT
153,Amy John,her,NEUTRAL_CONTEXT
153,Amy John,she,NEUTRAL_CONTEXT
153,Amy John,doe,NEUTRAL_CONTEXT
153,Amy John,not,NEUTRAL_CONTEXT
153,Amy John,volunteer,NEUTRAL_CONTEXT
153,Amy John,to,NEUTRAL_CONTEXT
153,Amy John,take,NEUTRAL_CONTEXT
153,Amy John,on,NEUTRAL_CONTEXT
153,Amy John,task,NEUTRAL_CONTEXT
153,Amy John,she,NEUTRAL_CONTEXT
153,Amy John,doe,NEUTRAL_CONTEXT
153,Amy John,not,NEUTRAL_CONTEXT
153,Amy John,work,NEUTRAL_CONTEXT
153,Amy John,well,NEUTRAL_CONTEXT
153,Amy John,with,NEUTRAL_CONTEXT
153,Amy John,the,NEUTRAL_CONTEXT
153,Amy John,team,NEUTRAL_CONTEXT
153,Amy John,her,NEUTRAL_CONTEXT
153,Amy John,work,NEUTRAL_CONTEXT
153,Amy John,is,NEUTRAL_CONTEXT
153,Amy John,not,NEUTRAL_CONTEXT
153,Amy John,at,NEUTRAL_CONTEXT
153,Amy John,the,NEUTRAL_CONTEXT
153,Amy John,standard,NEUTRAL_CONTEXT
153,Amy John,we,NEUTRAL_CONTEXT
153,Amy John,expect,NEUTRAL_CONTEXT
87,Broderick Hays,even,NEUTRAL_CONTEXT
87,Broderick Hays,my,NEUTRAL_CONTEXT
87,Broderick Hays,friend,NEUTRAL_CONTEXT
87,Broderick Hays,deepen,NEUTRAL_CONTEXT
87,Broderick Hays,graduated,NEUTRAL_CONTEXT
87,Broderick Hays,from,NEUTRAL_CONTEXT
87,Broderick Hays,college,NEUTRAL_CONTEXT
87,Broderick Hays,he,NEUTRAL_CONTEXT
87,Broderick Hays,could,NEUTRAL_CONTEXT
87,Broderick Hays,not,NEUTRAL_CONTEXT
87,Broderick Hays,find,NEUTRAL_CONTEXT
87,Broderick Hays,a,NEUTRAL_CONTEXT
87,Broderick Hays,suitable,NEUTRAL_CONTEXT
87,Broderick Hays,job,NEUTRAL_CONTEXT
87,Broderick Hays,he,NEUTRAL_CONTEXT
87,Broderick Hays,doesnt,NEUTRAL_CONTEXT
87,Broderick Hays,concentrated,NEUTRAL_CONTEXT
87,Broderick Hays,on,NEUTRAL_CONTEXT
87,Broderick Hays,the,NEUTRAL_CONTEXT
87,Broderick Hays,subject,NEUTRAL_CONTEXT
87,Broderick Hays,while,NEUTRAL_CONTEXT
87,Broderick Hays,he,NEUTRAL_CONTEXT
87,Broderick Hays,wa,NEUTRAL_CONTEXT
87,Broderick Hays,studying,NEUTRAL_CONTEXT
87,Broderick Hays,in,NEUTRAL_CONTEXT
87,Broderick Hays,college,NEUTRAL_CONTEXT
87,Broderick Hays,he,NEUTRAL_CONTEXT
87,Broderick Hays,doesnt,NEUTRAL_CONTEXT
87,Broderick Hays,attend,NEUTRAL_CONTEXT
87,Broderick Hays,the,NEUTRAL_CONTEXT
87,Broderick Hays,campus,NEUTRAL_CONTEXT
87,Broderick Hays,interview,NEUTRAL_CONTEXT
87,Broderick Hays,held,NEUTRAL_CONTEXT
87,Broderick Hays,at,NEUTRAL_CONTEXT
87,Broderick Hays,the,NEUTRAL_CONTEXT
87,Broderick Hays,college,NEUTRAL_CONTEXT
87,Broderick Hays,by,NEUTRAL_CONTEXT
87,Broderick Hays,his,NEUTRAL_CONTEXT
87,Broderick Hays,laziness,NEUTRAL_CONTEXT
87,Broderick Hays,so,NEUTRAL_CONTEXT
87,Broderick Hays,it,NEUTRAL_CONTEXT
87,Broderick Hays,wa,NEUTRAL_CONTEXT
87,Broderick Hays,very,NEUTRAL_CONTEXT
87,Broderick Hays,difficult,NEGATIVE_SIGNAL
87,Broderick Hays,for,NEUTRAL_CONTEXT
87,Broderick Hays,him,NEUTRAL_CONTEXT
87,Broderick Hays,to,NEUTRAL_CONTEXT
87,Broderick Hays,get,NEUTRAL_CONTEXT
87,Broderick Hays,a,NEUTRAL_CONTEXT
87,Broderick Hays,perfect,NEUTRAL_CONTEXT
87,Broderick Hays,job,NEUTRAL_CONTEXT
87,Broderick Hays,it,NEUTRAL_CONTEXT
87,Broderick Hays,is,NEUTRAL_CONTEXT
87,Broderick Hays,very,NEUTRAL_CONTEXT
87,Broderick Hays,sad,NEUTRAL_CONTEXT
87,Broderick Hays,to,NEUTRAL_CONTEXT
87,Broderick Hays,hear,NEUTRAL_CONTEXT
87,Broderick Hays,that,NEUTRAL_CONTEXT
87,Broderick Hays,he,NEUTRAL_CONTEXT
87,Broderick Hays,is,NEUTRAL_CONTEXT
87,Broderick Hays,currently,NEUTRAL_CONTEXT
87,Broderick Hays,struggling,NEGATIVE_SIGNAL
87,Broderick Hays,to,NEUTRAL_CONTEXT
87,Broderick Hays,find,NEUTRAL_CONTEXT
87,Broderick Hays,a,NEUTRAL_CONTEXT
87,Broderick Hays,suitable,NEUTRAL_CONTEXT
87,Broderick Hays,job,NEUTRAL_CONTEXT
87,Broderick Hays,relevant,NEUTRAL_CONTEXT
87,Broderick Hays,to,NEUTRAL_CONTEXT
87,Broderick Hays,his,NEUTRAL_CONTEXT
87,Broderick Hays,study,NEUTRAL_CONTEXT
85,Broderick Hays,broderick,NEUTRAL_CONTEXT
85,Broderick Hays,hay,NEUTRAL_CONTEXT
85,Broderick Hays,is,NEUTRAL_CONTEXT
85,Broderick Hays,always,NEUTRAL_CONTEXT
85,Broderick Hays,late,NEGATIVE_SIGNAL
85,Broderick Hays,he,NEUTRAL_CONTEXT
85,Broderick Hays,is,NEUTRAL_CONTEXT
85,Broderick Hays,always,NEUTRAL_CONTEXT
85,Broderick Hays,making,NEUTRAL_CONTEXT
85,Broderick Hays,error,NEUTRAL_CONTEXT
85,Broderick Hays,in,NEUTRAL_CONTEXT
85,Broderick Hays,his,NEUTRAL_CONTEXT
85,Broderick Hays,project,NEUTRAL_CONTEXT
85,Broderick Hays,he,NEUTRAL_CONTEXT
85,Broderick Hays,doe,NEUTRAL_CONTEXT
85,Broderick Hays,not,NEUTRAL_CONTEXT
85,Broderick Hays,collaborate,NEUTRAL_CONTEXT
85,Broderick Hays,with,NEUTRAL_CONTEXT
85,Broderick Hays,member,NEUTRAL_CONTEXT
85,Broderick Hays,on,NEUTRAL_CONTEXT
85,Broderick Hays,task,NEUTRAL_CONTEXT
85,Broderick Hays,and,NEUTRAL_CONTEXT
85,Broderick Hays,doe,NEUTRAL_CONTEXT
85,Broderick Hays,not,NEUTRAL_CONTEXT
85,Broderick Hays,listen,NEUTRAL_CONTEXT
85,Broderick Hays,to,NEUTRAL_CONTEXT
85,Broderick Hays,advice,NEUTRAL_CONTEXT
85,Broderick Hays,i,NEUTRAL_CONTEXT
85,Broderick Hays,do,NEUTRAL_CONTEXT
85,Broderick Hays,not,NEUTRAL_CONTEXT
85,Broderick Hays,see,NEUTRAL_CONTEXT
85,Broderick Hays,him,NEUTRAL_CONTEXT
85,Broderick Hays,a,NEUTRAL_CONTEXT
85,Broderick Hays,being,NEUTRAL_CONTEXT
85,Broderick Hays,a,NEUTRAL_CONTEXT
85,Broderick Hays,good,POSITIVE_SIGNAL
85,Broderick Hays,asset,NEUTRAL_CONTEXT
85,Broderick Hays,for,NEUTRAL_CONTEXT
85,Broderick Hays,our,NEUTRAL_CONTEXT
85,Broderick Hays,firm,NEUTRAL_CONTEXT
83,Broderick Hays,brodericks,NEUTRAL_CONTEXT
83,Broderick Hays,work,NEUTRAL_CONTEXT
83,Broderick Hays,this,NEUTRAL_CONTEXT
83,Broderick Hays,project,NEUTRAL_CONTEXT
83,Broderick Hays,wa,NEUTRAL_CONTEXT
83,Broderick Hays,not,NEUTRAL_CONTEXT
83,Broderick Hays,usable,NEUTRAL_CONTEXT
83,Broderick Hays,by,NEUTRAL_CONTEXT
83,Broderick Hays,the,NEUTRAL_CONTEXT
83,Broderick Hays,company,NEUTRAL_CONTEXT
83,Broderick Hays,due,NEUTRAL_CONTEXT
83,Broderick Hays,to,NEUTRAL_CONTEXT
83,Broderick Hays,it,NEUTRAL_CONTEXT
83,Broderick Hays,low,NEGATIVE_SIGNAL
83,Broderick Hays,quality,POSITIVE_SIGNAL
83,Broderick Hays,unfortunately,NEUTRAL_CONTEXT
83,Broderick Hays,this,NEUTRAL_CONTEXT
83,Broderick Hays,is,NEUTRAL_CONTEXT
83,Broderick Hays,not,NEUTRAL_CONTEXT
83,Broderick Hays,out,NEUTRAL_CONTEXT
83,Broderick Hays,of,NEUTRAL_CONTEXT
83,Broderick Hays,the,NEUTRAL_CONTEXT
83,Broderick Hays,ordinary,NEUTRAL_CONTEXT
83,Broderick Hays,for,NEUTRAL_CONTEXT
83,Broderick Hays,broderick,NEUTRAL_CONTEXT
83,Broderick Hays,his,NEUTRAL_CONTEXT
83,Broderick Hays,work,NEUTRAL_CONTEXT
83,Broderick Hays,is,NEUTRAL_CONTEXT
83,Broderick Hays,usually,NEUTRAL_CONTEXT
83,Broderick Hays,not,NEUTRAL_CONTEXT
83,Broderick Hays,of,NEUTRAL_CONTEXT
83,Broderick Hays,high,POSITIVE_SIGNAL
83,Broderick Hays,quality,POSITIVE_SIGNAL
83,Broderick Hays,and,NEUTRAL_CONTEXT
83,Broderick Hays,therefore,NEUTRAL_CONTEXT
83,Broderick Hays,this,NEUTRAL_CONTEXT
83,Broderick Hays,project,NEUTRAL_CONTEXT
83,Broderick Hays,wa,NEUTRAL_CONTEXT
83,Broderick Hays,more,NEUTRAL_CONTEXT
83,Broderick Hays,to,NEUTRAL_CONTEXT
83,Broderick Hays,keep,NEUTRAL_CONTEXT
83,Broderick Hays,him,NEUTRAL_CONTEXT
83,Broderick Hays,busy,NEUTRAL_CONTEXT
83,Broderick Hays,and,NEUTRAL_CONTEXT
83,Broderick Hays,test,NEUTRAL_CONTEXT
83,Broderick Hays,his,NEUTRAL_CONTEXT
83,Broderick Hays,performance,NEUTRAL_CONTEXT
83,Broderick Hays,and,NEUTRAL_CONTEXT
83,Broderick Hays,potential,GROWTH_SIGNAL
83,Broderick Hays,than,NEUTRAL_CONTEXT
83,Broderick Hays,to,NEUTRAL_CONTEXT
83,Broderick Hays,actually,NEUTRAL_CONTEXT
83,Broderick Hays,use,NEUTRAL_CONTEXT
83,Broderick Hays,it,NEUTRAL_CONTEXT
83,Broderick Hays,i,NEUTRAL_CONTEXT
83,Broderick Hays,do,NEUTRAL_CONTEXT
83,Broderick Hays,not,NEUTRAL_CONTEXT
83,Broderick Hays,think,NEUTRAL_CONTEXT
83,Broderick Hays,broderick,NEUTRAL_CONTEXT
83,Broderick Hays,ha,NEUTRAL_CONTEXT
83,Broderick Hays,proved,NEUTRAL_CONTEXT
83,Broderick Hays,his,NEUTRAL_CONTEXT
83,Broderick Hays,worth,NEUTRAL_CONTEXT
83,Broderick Hays,on,NEUTRAL_CONTEXT
83,Broderick Hays,this,NEUTRAL_CONTEXT
83,Broderick Hays,team,NEUTRAL_CONTEXT
83,Broderick Hays,although,NEUTRAL_CONTEXT
83,Broderick Hays,he,NEUTRAL_CONTEXT
83,Broderick Hays,ha,NEUTRAL_CONTEXT
83,Broderick Hays,certainly,NEUTRAL_CONTEXT
83,Broderick Hays,been,NEUTRAL_CONTEXT
83,Broderick Hays,here,NEUTRAL_CONTEXT
83,Broderick Hays,long,NEUTRAL_CONTEXT
83,Broderick Hays,enough,NEUTRAL_CONTEXT
83,Broderick Hays,to,NEUTRAL_CONTEXT
83,Broderick Hays,do,NEUTRAL_CONTEXT
83,Broderick Hays,so,NEUTRAL_CONTEXT
81,Mackenzie Jennings,im,NEUTRAL_CONTEXT
81,Mackenzie Jennings,always,NEUTRAL_CONTEXT
81,Mackenzie Jennings,nervous,NEUTRAL_CONTEXT
81,Mackenzie Jennings,when,NEUTRAL_CONTEXT
81,Mackenzie Jennings,assigning,NEUTRAL_CONTEXT
81,Mackenzie Jennings,mackenzie,NEUTRAL_CONTEXT
81,Mackenzie Jennings,a,NEUTRAL_CONTEXT
81,Mackenzie Jennings,report,NEUTRAL_CONTEXT
81,Mackenzie Jennings,when,NEUTRAL_CONTEXT
81,Mackenzie Jennings,shes,NEUTRAL_CONTEXT
81,Mackenzie Jennings,turned,NEUTRAL_CONTEXT
81,Mackenzie Jennings,her,NEUTRAL_CONTEXT
81,Mackenzie Jennings,draft,NEUTRAL_CONTEXT
81,Mackenzie Jennings,back,NEUTRAL_CONTEXT
81,Mackenzie Jennings,to,NEUTRAL_CONTEXT
81,Mackenzie Jennings,me,NEUTRAL_CONTEXT
81,Mackenzie Jennings,i,NEUTRAL_CONTEXT
81,Mackenzie Jennings,frequently,NEUTRAL_CONTEXT
81,Mackenzie Jennings,find,NEUTRAL_CONTEXT
81,Mackenzie Jennings,a,NEUTRAL_CONTEXT
81,Mackenzie Jennings,lot,NEUTRAL_CONTEXT
81,Mackenzie Jennings,of,NEUTRAL_CONTEXT
81,Mackenzie Jennings,glaring,NEUTRAL_CONTEXT
81,Mackenzie Jennings,typo,NEUTRAL_CONTEXT
81,Mackenzie Jennings,and,NEUTRAL_CONTEXT
81,Mackenzie Jennings,miscalculation,NEUTRAL_CONTEXT
81,Mackenzie Jennings,that,NEUTRAL_CONTEXT
81,Mackenzie Jennings,would,NEUTRAL_CONTEXT
81,Mackenzie Jennings,be,NEUTRAL_CONTEXT
81,Mackenzie Jennings,easy,NEUTRAL_CONTEXT
81,Mackenzie Jennings,for,NEUTRAL_CONTEXT
81,Mackenzie Jennings,her,NEUTRAL_CONTEXT
81,Mackenzie Jennings,to,NEUTRAL_CONTEXT
81,Mackenzie Jennings,catch,NEUTRAL_CONTEXT
81,Mackenzie Jennings,if,NEUTRAL_CONTEXT
81,Mackenzie Jennings,she,NEUTRAL_CONTEXT
81,Mackenzie Jennings,did,NEUTRAL_CONTEXT
81,Mackenzie Jennings,any,NEUTRAL_CONTEXT
81,Mackenzie Jennings,proofreading,NEUTRAL_CONTEXT
81,Mackenzie Jennings,i,NEUTRAL_CONTEXT
81,Mackenzie Jennings,find,NEUTRAL_CONTEXT
81,Mackenzie Jennings,that,NEUTRAL_CONTEXT
81,Mackenzie Jennings,i,NEUTRAL_CONTEXT
81,Mackenzie Jennings,cant,NEUTRAL_CONTEXT
81,Mackenzie Jennings,trust,NEUTRAL_CONTEXT
81,Mackenzie Jennings,her,NEUTRAL_CONTEXT
81,Mackenzie Jennings,to,NEUTRAL_CONTEXT
81,Mackenzie Jennings,turn,NEUTRAL_CONTEXT
81,Mackenzie Jennings,work,NEUTRAL_CONTEXT
81,Mackenzie Jennings,into,NEUTRAL_CONTEXT
81,Mackenzie Jennings,client,NEUTRAL_CONTEXT
81,Mackenzie Jennings,without,NEUTRAL_CONTEXT
81,Mackenzie Jennings,assigning,NEUTRAL_CONTEXT
81,Mackenzie Jennings,at,NEUTRAL_CONTEXT
81,Mackenzie Jennings,least,NEUTRAL_CONTEXT
81,Mackenzie Jennings,two,NEUTRAL_CONTEXT
81,Mackenzie Jennings,other,NEUTRAL_CONTEXT
81,Mackenzie Jennings,colleague,NEUTRAL_CONTEXT
81,Mackenzie Jennings,to,NEUTRAL_CONTEXT
81,Mackenzie Jennings,review,NEUTRAL_CONTEXT
81,Mackenzie Jennings,it,NEUTRAL_CONTEXT
81,Mackenzie Jennings,first,NEUTRAL_CONTEXT
81,Mackenzie Jennings,this,NEUTRAL_CONTEXT
81,Mackenzie Jennings,is,NEUTRAL_CONTEXT
81,Mackenzie Jennings,a,NEUTRAL_CONTEXT
81,Mackenzie Jennings,waste,NEUTRAL_CONTEXT
81,Mackenzie Jennings,of,NEUTRAL_CONTEXT
81,Mackenzie Jennings,resource,NEUTRAL_CONTEXT
81,Mackenzie Jennings,and,NEUTRAL_CONTEXT
81,Mackenzie Jennings,worse,NEUTRAL_CONTEXT
81,Mackenzie Jennings,she,NEUTRAL_CONTEXT
81,Mackenzie Jennings,doesnt,NEUTRAL_CONTEXT
81,Mackenzie Jennings,seem,NEUTRAL_CONTEXT
81,Mackenzie Jennings,to,NEUTRAL_CONTEXT
81,Mackenzie Jennings,really,NEUTRAL_CONTEXT
81,Mackenzie Jennings,care,NEUTRAL_CONTEXT
81,Mackenzie Jennings,about,NEUTRAL_CONTEXT
81,Mackenzie Jennings,making,NEUTRAL_CONTEXT
81,Mackenzie Jennings,any,NEUTRAL_CONTEXT
81,Mackenzie Jennings,improvement,GROWTH_SIGNAL
81,Mackenzie Jennings,thus,NEUTRAL_CONTEXT
81,Mackenzie Jennings,i,NEUTRAL_CONTEXT
81,Mackenzie Jennings,dont,NEUTRAL_CONTEXT
81,Mackenzie Jennings,see,NEUTRAL_CONTEXT
81,Mackenzie Jennings,her,NEUTRAL_CONTEXT
81,Mackenzie Jennings,moving,NEUTRAL_CONTEXT
81,Mackenzie Jennings,far,NEUTRAL_CONTEXT
81,Mackenzie Jennings,in,NEUTRAL_CONTEXT
81,Mackenzie Jennings,this,NEUTRAL_CONTEXT
81,Mackenzie Jennings,organization,NEUTRAL_CONTEXT
80,Mackenzie Jennings,mackenzie,NEUTRAL_CONTEXT
80,Mackenzie Jennings,ha,NEUTRAL_CONTEXT
80,Mackenzie Jennings,trouble,NEUTRAL_CONTEXT
80,Mackenzie Jennings,staying,NEUTRAL_CONTEXT
80,Mackenzie Jennings,on,NEUTRAL_CONTEXT
80,Mackenzie Jennings,task,NEUTRAL_CONTEXT
80,Mackenzie Jennings,and,NEUTRAL_CONTEXT
80,Mackenzie Jennings,completing,NEUTRAL_CONTEXT
80,Mackenzie Jennings,her,NEUTRAL_CONTEXT
80,Mackenzie Jennings,duty,NEUTRAL_CONTEXT
80,Mackenzie Jennings,she,NEUTRAL_CONTEXT
80,Mackenzie Jennings,is,NEUTRAL_CONTEXT
80,Mackenzie Jennings,wellliked,NEUTRAL_CONTEXT
80,Mackenzie Jennings,by,NEUTRAL_CONTEXT
80,Mackenzie Jennings,her,NEUTRAL_CONTEXT
80,Mackenzie Jennings,coworkers,NEUTRAL_CONTEXT
80,Mackenzie Jennings,but,NEUTRAL_CONTEXT
80,Mackenzie Jennings,spends,NEUTRAL_CONTEXT
80,Mackenzie Jennings,too,NEUTRAL_CONTEXT
80,Mackenzie Jennings,much,NEUTRAL_CONTEXT
80,Mackenzie Jennings,time,NEUTRAL_CONTEXT
80,Mackenzie Jennings,socializing,NEUTRAL_CONTEXT
80,Mackenzie Jennings,mackenzie,NEUTRAL_CONTEXT
80,Mackenzie Jennings,doe,NEUTRAL_CONTEXT
80,Mackenzie Jennings,not,NEUTRAL_CONTEXT
80,Mackenzie Jennings,seem,NEUTRAL_CONTEXT
80,Mackenzie Jennings,to,NEUTRAL_CONTEXT
80,Mackenzie Jennings,be,NEUTRAL_CONTEXT
80,Mackenzie Jennings,serious,RISK_SIGNAL
80,Mackenzie Jennings,about,NEUTRAL_CONTEXT
80,Mackenzie Jennings,advancing,NEUTRAL_CONTEXT
80,Mackenzie Jennings,in,NEUTRAL_CONTEXT
80,Mackenzie Jennings,the,NEUTRAL_CONTEXT
80,Mackenzie Jennings,company,NEUTRAL_CONTEXT
80,Mackenzie Jennings,she,NEUTRAL_CONTEXT
80,Mackenzie Jennings,need,NEUTRAL_CONTEXT
80,Mackenzie Jennings,more,NEUTRAL_CONTEXT
80,Mackenzie Jennings,instruction,NEUTRAL_CONTEXT
80,Mackenzie Jennings,on,NEUTRAL_CONTEXT
80,Mackenzie Jennings,how,NEUTRAL_CONTEXT
80,Mackenzie Jennings,to,NEUTRAL_CONTEXT
80,Mackenzie Jennings,adequately,NEUTRAL_CONTEXT
80,Mackenzie Jennings,complete,NEUTRAL_CONTEXT
80,Mackenzie Jennings,her,NEUTRAL_CONTEXT
80,Mackenzie Jennings,duty,NEUTRAL_CONTEXT
79,Mackenzie Jennings,mackenzie,NEUTRAL_CONTEXT
79,Mackenzie Jennings,is,NEUTRAL_CONTEXT
79,Mackenzie Jennings,an,NEUTRAL_CONTEXT
79,Mackenzie Jennings,awful,NEUTRAL_CONTEXT
79,Mackenzie Jennings,employee,NEUTRAL_CONTEXT
79,Mackenzie Jennings,he,NEUTRAL_CONTEXT
79,Mackenzie Jennings,always,NEUTRAL_CONTEXT
79,Mackenzie Jennings,late,NEGATIVE_SIGNAL
79,Mackenzie Jennings,doe,NEUTRAL_CONTEXT
79,Mackenzie Jennings,not,NEUTRAL_CONTEXT
79,Mackenzie Jennings,produce,NEUTRAL_CONTEXT
79,Mackenzie Jennings,quality,POSITIVE_SIGNAL
79,Mackenzie Jennings,work,NEUTRAL_CONTEXT
79,Mackenzie Jennings,and,NEUTRAL_CONTEXT
79,Mackenzie Jennings,doe,NEUTRAL_CONTEXT
79,Mackenzie Jennings,not,NEUTRAL_CONTEXT
79,Mackenzie Jennings,work,NEUTRAL_CONTEXT
79,Mackenzie Jennings,well,NEUTRAL_CONTEXT
79,Mackenzie Jennings,with,NEUTRAL_CONTEXT
79,Mackenzie Jennings,others,NEUTRAL_CONTEXT
79,Mackenzie Jennings,not,NEUTRAL_CONTEXT
79,Mackenzie Jennings,only,NEUTRAL_CONTEXT
79,Mackenzie Jennings,that,NEUTRAL_CONTEXT
79,Mackenzie Jennings,he,NEUTRAL_CONTEXT
79,Mackenzie Jennings,constantly,NEUTRAL_CONTEXT
79,Mackenzie Jennings,ignores,NEUTRAL_CONTEXT
79,Mackenzie Jennings,feedback,NEUTRAL_CONTEXT
79,Mackenzie Jennings,from,NEUTRAL_CONTEXT
79,Mackenzie Jennings,supervisor,NEUTRAL_CONTEXT
79,Mackenzie Jennings,and,NEUTRAL_CONTEXT
79,Mackenzie Jennings,show,NEUTRAL_CONTEXT
79,Mackenzie Jennings,no,NEUTRAL_CONTEXT
79,Mackenzie Jennings,desire,NEUTRAL_CONTEXT
79,Mackenzie Jennings,to,NEUTRAL_CONTEXT
79,Mackenzie Jennings,learn,NEUTRAL_CONTEXT
79,Mackenzie Jennings,or,NEUTRAL_CONTEXT
79,Mackenzie Jennings,improve,GROWTH_SIGNAL
79,Mackenzie Jennings,himself,NEUTRAL_CONTEXT
79,Mackenzie Jennings,he,NEUTRAL_CONTEXT
79,Mackenzie Jennings,is,NEUTRAL_CONTEXT
79,Mackenzie Jennings,a,NEUTRAL_CONTEXT
79,Mackenzie Jennings,very,NEUTRAL_CONTEXT
79,Mackenzie Jennings,worker,NEUTRAL_CONTEXT
79,Mackenzie Jennings,who,NEUTRAL_CONTEXT
79,Mackenzie Jennings,will,NEUTRAL_CONTEXT
79,Mackenzie Jennings,likely,NEUTRAL_CONTEXT
79,Mackenzie Jennings,not,NEUTRAL_CONTEXT
79,Mackenzie Jennings,improve,GROWTH_SIGNAL
77,Jalen Summers,jalen,NEUTRAL_CONTEXT
77,Jalen Summers,summer,NEUTRAL_CONTEXT
77,Jalen Summers,ha,NEUTRAL_CONTEXT
77,Jalen Summers,fallen,NEUTRAL_CONTEXT
77,Jalen Summers,very,NEUTRAL_CONTEXT
77,Jalen Summers,short,NEUTRAL_CONTEXT
77,Jalen Summers,on,NEUTRAL_CONTEXT
77,Jalen Summers,all,NEUTRAL_CONTEXT
77,Jalen Summers,of,NEUTRAL_CONTEXT
77,Jalen Summers,our,NEUTRAL_CONTEXT
77,Jalen Summers,company,NEUTRAL_CONTEXT
77,Jalen Summers,standard,NEUTRAL_CONTEXT
77,Jalen Summers,this,NEUTRAL_CONTEXT
77,Jalen Summers,quarter,NEUTRAL_CONTEXT
77,Jalen Summers,the,NEUTRAL_CONTEXT
77,Jalen Summers,amount,NEUTRAL_CONTEXT
77,Jalen Summers,of,NEUTRAL_CONTEXT
77,Jalen Summers,work,NEUTRAL_CONTEXT
77,Jalen Summers,she,NEUTRAL_CONTEXT
77,Jalen Summers,manages,NEUTRAL_CONTEXT
77,Jalen Summers,to,NEUTRAL_CONTEXT
77,Jalen Summers,actually,NEUTRAL_CONTEXT
77,Jalen Summers,get,NEUTRAL_CONTEXT
77,Jalen Summers,done,NEUTRAL_CONTEXT
77,Jalen Summers,is,NEUTRAL_CONTEXT
77,Jalen Summers,substandard,NEGATIVE_SIGNAL
77,Jalen Summers,and,NEUTRAL_CONTEXT
77,Jalen Summers,she,NEUTRAL_CONTEXT
77,Jalen Summers,need,NEUTRAL_CONTEXT
77,Jalen Summers,constant,NEUTRAL_CONTEXT
77,Jalen Summers,hand,NEUTRAL_CONTEXT
77,Jalen Summers,holding,NEUTRAL_CONTEXT
77,Jalen Summers,having,NEUTRAL_CONTEXT
77,Jalen Summers,her,NEUTRAL_CONTEXT
77,Jalen Summers,in,NEUTRAL_CONTEXT
77,Jalen Summers,the,NEUTRAL_CONTEXT
77,Jalen Summers,office,NEUTRAL_CONTEXT
77,Jalen Summers,mean,NEUTRAL_CONTEXT
77,Jalen Summers,somebody,NEUTRAL_CONTEXT
77,Jalen Summers,at,NEUTRAL_CONTEXT
77,Jalen Summers,some,NEUTRAL_CONTEXT
77,Jalen Summers,point,NEUTRAL_CONTEXT
77,Jalen Summers,will,NEUTRAL_CONTEXT
77,Jalen Summers,most,NEUTRAL_CONTEXT
77,Jalen Summers,likely,NEUTRAL_CONTEXT
77,Jalen Summers,have,NEUTRAL_CONTEXT
77,Jalen Summers,to,NEUTRAL_CONTEXT
77,Jalen Summers,sacrifice,NEUTRAL_CONTEXT
77,Jalen Summers,their,NEUTRAL_CONTEXT
77,Jalen Summers,time,NEUTRAL_CONTEXT
77,Jalen Summers,helping,NEUTRAL_CONTEXT
77,Jalen Summers,her,NEUTRAL_CONTEXT
77,Jalen Summers,figure,NEUTRAL_CONTEXT
77,Jalen Summers,something,NEUTRAL_CONTEXT
77,Jalen Summers,out,NEUTRAL_CONTEXT
77,Jalen Summers,that,NEUTRAL_CONTEXT
77,Jalen Summers,she,NEUTRAL_CONTEXT
77,Jalen Summers,should,NEUTRAL_CONTEXT
77,Jalen Summers,be,NEUTRAL_CONTEXT
77,Jalen Summers,able,NEUTRAL_CONTEXT
77,Jalen Summers,to,NEUTRAL_CONTEXT
77,Jalen Summers,do,NEUTRAL_CONTEXT
77,Jalen Summers,on,NEUTRAL_CONTEXT
77,Jalen Summers,her,NEUTRAL_CONTEXT
77,Jalen Summers,own,NEUTRAL_CONTEXT
77,Jalen Summers,she,NEUTRAL_CONTEXT
77,Jalen Summers,is,NEUTRAL_CONTEXT
77,Jalen Summers,a,NEUTRAL_CONTEXT
77,Jalen Summers,serious,RISK_SIGNAL
77,Jalen Summers,risk,RISK_SIGNAL
77,Jalen Summers,to,NEUTRAL_CONTEXT
77,Jalen Summers,the,NEUTRAL_CONTEXT
77,Jalen Summers,organization,NEUTRAL_CONTEXT
76,Jalen Summers,every,NEUTRAL_CONTEXT
76,Jalen Summers,time,NEUTRAL_CONTEXT
76,Jalen Summers,i,NEUTRAL_CONTEXT
76,Jalen Summers,ask,NEUTRAL_CONTEXT
76,Jalen Summers,jalen,NEUTRAL_CONTEXT
76,Jalen Summers,to,NEUTRAL_CONTEXT
76,Jalen Summers,complete,NEUTRAL_CONTEXT
76,Jalen Summers,a,NEUTRAL_CONTEXT
76,Jalen Summers,report,NEUTRAL_CONTEXT
76,Jalen Summers,i,NEUTRAL_CONTEXT
76,Jalen Summers,already,NEUTRAL_CONTEXT
76,Jalen Summers,know,NEUTRAL_CONTEXT
76,Jalen Summers,that,NEUTRAL_CONTEXT
76,Jalen Summers,i,NEUTRAL_CONTEXT
76,Jalen Summers,will,NEUTRAL_CONTEXT
76,Jalen Summers,need,NEUTRAL_CONTEXT
76,Jalen Summers,to,NEUTRAL_CONTEXT
76,Jalen Summers,ask,NEUTRAL_CONTEXT
76,Jalen Summers,at,NEUTRAL_CONTEXT
76,Jalen Summers,least,NEUTRAL_CONTEXT
76,Jalen Summers,one,NEUTRAL_CONTEXT
76,Jalen Summers,other,NEUTRAL_CONTEXT
76,Jalen Summers,member,NEUTRAL_CONTEXT
76,Jalen Summers,of,NEUTRAL_CONTEXT
76,Jalen Summers,the,NEUTRAL_CONTEXT
76,Jalen Summers,team,NEUTRAL_CONTEXT
76,Jalen Summers,to,NEUTRAL_CONTEXT
76,Jalen Summers,back,NEUTRAL_CONTEXT
76,Jalen Summers,him,NEUTRAL_CONTEXT
76,Jalen Summers,up,NEUTRAL_CONTEXT
76,Jalen Summers,he,NEUTRAL_CONTEXT
76,Jalen Summers,consistently,NEUTRAL_CONTEXT
76,Jalen Summers,late,NEGATIVE_SIGNAL
76,Jalen Summers,on,NEUTRAL_CONTEXT
76,Jalen Summers,his,NEUTRAL_CONTEXT
76,Jalen Summers,assignment,NEUTRAL_CONTEXT
76,Jalen Summers,and,NEUTRAL_CONTEXT
76,Jalen Summers,he,NEUTRAL_CONTEXT
76,Jalen Summers,rarely,RISK_SIGNAL
76,Jalen Summers,spellchecks,NEUTRAL_CONTEXT
76,Jalen Summers,or,NEUTRAL_CONTEXT
76,Jalen Summers,proofreads,NEUTRAL_CONTEXT
76,Jalen Summers,any,NEUTRAL_CONTEXT
76,Jalen Summers,of,NEUTRAL_CONTEXT
76,Jalen Summers,his,NEUTRAL_CONTEXT
76,Jalen Summers,work,NEUTRAL_CONTEXT
76,Jalen Summers,unfortunately,NEUTRAL_CONTEXT
76,Jalen Summers,his,NEUTRAL_CONTEXT
76,Jalen Summers,poor,NEGATIVE_SIGNAL
76,Jalen Summers,attitude,RISK_SIGNAL
76,Jalen Summers,toward,NEUTRAL_CONTEXT
76,Jalen Summers,work,NEUTRAL_CONTEXT
76,Jalen Summers,doesnt,NEUTRAL_CONTEXT
76,Jalen Summers,help,NEUTRAL_CONTEXT
76,Jalen Summers,matter,NEUTRAL_CONTEXT
76,Jalen Summers,when,NEUTRAL_CONTEXT
76,Jalen Summers,ive,NEUTRAL_CONTEXT
76,Jalen Summers,spoken,NEUTRAL_CONTEXT
76,Jalen Summers,with,NEUTRAL_CONTEXT
76,Jalen Summers,him,NEUTRAL_CONTEXT
76,Jalen Summers,about,NEUTRAL_CONTEXT
76,Jalen Summers,his,NEUTRAL_CONTEXT
76,Jalen Summers,performance,NEUTRAL_CONTEXT
76,Jalen Summers,he,NEUTRAL_CONTEXT
76,Jalen Summers,ha,NEUTRAL_CONTEXT
76,Jalen Summers,simply,NEUTRAL_CONTEXT
76,Jalen Summers,shrugged,NEUTRAL_CONTEXT
76,Jalen Summers,and,NEUTRAL_CONTEXT
76,Jalen Summers,given,NEUTRAL_CONTEXT
76,Jalen Summers,me,NEUTRAL_CONTEXT
76,Jalen Summers,oneword,NEUTRAL_CONTEXT
76,Jalen Summers,response,NEUTRAL_CONTEXT
76,Jalen Summers,i,NEUTRAL_CONTEXT
76,Jalen Summers,dont,NEUTRAL_CONTEXT
76,Jalen Summers,see,NEUTRAL_CONTEXT
76,Jalen Summers,jalen,NEUTRAL_CONTEXT
76,Jalen Summers,moving,NEUTRAL_CONTEXT
76,Jalen Summers,up,NEUTRAL_CONTEXT
76,Jalen Summers,far,NEUTRAL_CONTEXT
76,Jalen Summers,in,NEUTRAL_CONTEXT
76,Jalen Summers,this,NEUTRAL_CONTEXT
76,Jalen Summers,organization,NEUTRAL_CONTEXT
76,Jalen Summers,a,NEUTRAL_CONTEXT
76,Jalen Summers,a,NEUTRAL_CONTEXT
76,Jalen Summers,result,NEUTRAL_CONTEXT
75,Jalen Summers,jalen,NEUTRAL_CONTEXT
75,Jalen Summers,summer,NEUTRAL_CONTEXT
75,Jalen Summers,performance,NEUTRAL_CONTEXT
75,Jalen Summers,did,NEUTRAL_CONTEXT
75,Jalen Summers,not,NEUTRAL_CONTEXT
75,Jalen Summers,meet,NEUTRAL_CONTEXT
75,Jalen Summers,standard,NEUTRAL_CONTEXT
75,Jalen Summers,it,NEUTRAL_CONTEXT
75,Jalen Summers,wa,NEUTRAL_CONTEXT
75,Jalen Summers,subpar,NEUTRAL_CONTEXT
75,Jalen Summers,and,NEUTRAL_CONTEXT
75,Jalen Summers,need,NEUTRAL_CONTEXT
75,Jalen Summers,a,NEUTRAL_CONTEXT
75,Jalen Summers,lot,NEUTRAL_CONTEXT
75,Jalen Summers,of,NEUTRAL_CONTEXT
75,Jalen Summers,work,NEUTRAL_CONTEXT
75,Jalen Summers,there,NEUTRAL_CONTEXT
75,Jalen Summers,is,NEUTRAL_CONTEXT
75,Jalen Summers,not,NEUTRAL_CONTEXT
75,Jalen Summers,much,NEUTRAL_CONTEXT
75,Jalen Summers,potential,GROWTH_SIGNAL
75,Jalen Summers,in,NEUTRAL_CONTEXT
75,Jalen Summers,that,NEUTRAL_CONTEXT
75,Jalen Summers,particular,NEUTRAL_CONTEXT
75,Jalen Summers,performance,NEUTRAL_CONTEXT
75,Jalen Summers,he,NEUTRAL_CONTEXT
75,Jalen Summers,doe,NEUTRAL_CONTEXT
75,Jalen Summers,not,NEUTRAL_CONTEXT
75,Jalen Summers,get,NEUTRAL_CONTEXT
75,Jalen Summers,a,NEUTRAL_CONTEXT
75,Jalen Summers,good,POSITIVE_SIGNAL
75,Jalen Summers,review,NEUTRAL_CONTEXT
10047,Douglas Henry,douglas,NEUTRAL_CONTEXT
10047,Douglas Henry,ha,NEUTRAL_CONTEXT
10047,Douglas Henry,shown,NEUTRAL_CONTEXT
10047,Douglas Henry,inconsistent,NEGATIVE_SIGNAL
10047,Douglas Henry,performance,NEUTRAL_CONTEXT
10047,Douglas Henry,throughout,NEUTRAL_CONTEXT
10047,Douglas Henry,the,NEUTRAL_CONTEXT
10047,Douglas Henry,review,NEUTRAL_CONTEXT
10047,Douglas Henry,period,NEUTRAL_CONTEXT
10047,Douglas Henry,at,NEUTRAL_CONTEXT
10047,Douglas Henry,the,NEUTRAL_CONTEXT
10047,Douglas Henry,time,NEUTRAL_CONTEXT
10047,Douglas Henry,of,NEUTRAL_CONTEXT
10047,Douglas Henry,review,NEUTRAL_CONTEXT
10047,Douglas Henry,multiple,NEUTRAL_CONTEXT
10047,Douglas Henry,documented,NEUTRAL_CONTEXT
10047,Douglas Henry,conversation,NEUTRAL_CONTEXT
10047,Douglas Henry,have,NEUTRAL_CONTEXT
10047,Douglas Henry,occurred,NEUTRAL_CONTEXT
10047,Douglas Henry,regarding,NEUTRAL_CONTEXT
10047,Douglas Henry,the,NEUTRAL_CONTEXT
10047,Douglas Henry,quality,POSITIVE_SIGNAL
10047,Douglas Henry,and,NEUTRAL_CONTEXT
10047,Douglas Henry,timeliness,NEUTRAL_CONTEXT
10047,Douglas Henry,of,NEUTRAL_CONTEXT
10047,Douglas Henry,submitted,NEUTRAL_CONTEXT
10047,Douglas Henry,documentation,NEUTRAL_CONTEXT
10047,Douglas Henry,two,NEUTRAL_CONTEXT
10047,Douglas Henry,additional,NEUTRAL_CONTEXT
10047,Douglas Henry,conversation,NEUTRAL_CONTEXT
10047,Douglas Henry,have,NEUTRAL_CONTEXT
10047,Douglas Henry,occurred,NEUTRAL_CONTEXT
10047,Douglas Henry,regarding,NEUTRAL_CONTEXT
10047,Douglas Henry,appropriate,NEUTRAL_CONTEXT
10047,Douglas Henry,communication,NEUTRAL_CONTEXT
10047,Douglas Henry,and,NEUTRAL_CONTEXT
10047,Douglas Henry,timely,NEUTRAL_CONTEXT
10047,Douglas Henry,follow,NEUTRAL_CONTEXT
10047,Douglas Henry,up,NEUTRAL_CONTEXT
10047,Douglas Henry,when,NEUTRAL_CONTEXT
10047,Douglas Henry,requested,NEUTRAL_CONTEXT
10047,Douglas Henry,to,NEUTRAL_CONTEXT
10047,Douglas Henry,provide,NEUTRAL_CONTEXT
10047,Douglas Henry,information,NEUTRAL_CONTEXT
10047,Douglas Henry,either,NEUTRAL_CONTEXT
10047,Douglas Henry,via,NEUTRAL_CONTEXT
10047,Douglas Henry,phone,NEUTRAL_CONTEXT
10047,Douglas Henry,or,NEUTRAL_CONTEXT
10047,Douglas Henry,email,NEUTRAL_CONTEXT
10047,Douglas Henry,douglas,NEUTRAL_CONTEXT
10047,Douglas Henry,will,NEUTRAL_CONTEXT
10047,Douglas Henry,need,NEUTRAL_CONTEXT
10047,Douglas Henry,to,NEUTRAL_CONTEXT
10047,Douglas Henry,significantly,NEUTRAL_CONTEXT
10047,Douglas Henry,improve,GROWTH_SIGNAL
10047,Douglas Henry,the,NEUTRAL_CONTEXT
10047,Douglas Henry,quality,POSITIVE_SIGNAL
10047,Douglas Henry,and,NEUTRAL_CONTEXT
10047,Douglas Henry,timeliness,NEUTRAL_CONTEXT
10047,Douglas Henry,of,NEUTRAL_CONTEXT
10047,Douglas Henry,his,NEUTRAL_CONTEXT
10047,Douglas Henry,work,NEUTRAL_CONTEXT
10047,Douglas Henry,to,NEUTRAL_CONTEXT
10047,Douglas Henry,maintain,NEUTRAL_CONTEXT
10047,Douglas Henry,employment,NEUTRAL_CONTEXT
74,Jalen Summers,jalen,NEUTRAL_CONTEXT
74,Jalen Summers,summer,NEUTRAL_CONTEXT
74,Jalen Summers,performance,NEUTRAL_CONTEXT
74,Jalen Summers,this,NEUTRAL_CONTEXT
74,Jalen Summers,quarter,NEUTRAL_CONTEXT
74,Jalen Summers,wa,NEUTRAL_CONTEXT
74,Jalen Summers,substandard,NEGATIVE_SIGNAL
74,Jalen Summers,on,NEUTRAL_CONTEXT
74,Jalen Summers,two,NEUTRAL_CONTEXT
74,Jalen Summers,occasion,NEUTRAL_CONTEXT
74,Jalen Summers,he,NEUTRAL_CONTEXT
74,Jalen Summers,wa,NEUTRAL_CONTEXT
74,Jalen Summers,asked,NEUTRAL_CONTEXT
74,Jalen Summers,to,NEUTRAL_CONTEXT
74,Jalen Summers,prepare,NEUTRAL_CONTEXT
74,Jalen Summers,basic,NEUTRAL_CONTEXT
74,Jalen Summers,discovery,NEUTRAL_CONTEXT
74,Jalen Summers,request,NEUTRAL_CONTEXT
74,Jalen Summers,and,NEUTRAL_CONTEXT
74,Jalen Summers,missed,NEGATIVE_SIGNAL
74,Jalen Summers,both,NEUTRAL_CONTEXT
74,Jalen Summers,deadline,RISK_SIGNAL
74,Jalen Summers,he,NEUTRAL_CONTEXT
74,Jalen Summers,wa,NEUTRAL_CONTEXT
74,Jalen Summers,given,NEUTRAL_CONTEXT
74,Jalen Summers,whats,NEUTRAL_CONTEXT
74,Jalen Summers,more,NEUTRAL_CONTEXT
74,Jalen Summers,jalen,NEUTRAL_CONTEXT
74,Jalen Summers,is,NEUTRAL_CONTEXT
74,Jalen Summers,consistently,NEUTRAL_CONTEXT
74,Jalen Summers,unenthusiastic,NEUTRAL_CONTEXT
74,Jalen Summers,when,NEUTRAL_CONTEXT
74,Jalen Summers,asked,NEUTRAL_CONTEXT
74,Jalen Summers,to,NEUTRAL_CONTEXT
74,Jalen Summers,stay,NEUTRAL_CONTEXT
74,Jalen Summers,past,NEUTRAL_CONTEXT
74,Jalen Summers,regular,NEUTRAL_CONTEXT
74,Jalen Summers,hour,NEUTRAL_CONTEXT
74,Jalen Summers,to,NEUTRAL_CONTEXT
74,Jalen Summers,complete,NEUTRAL_CONTEXT
74,Jalen Summers,important,NEUTRAL_CONTEXT
74,Jalen Summers,casework,NEUTRAL_CONTEXT
74,Jalen Summers,more,NEUTRAL_CONTEXT
74,Jalen Summers,often,NEUTRAL_CONTEXT
74,Jalen Summers,than,NEUTRAL_CONTEXT
74,Jalen Summers,nearly,NEUTRAL_CONTEXT
74,Jalen Summers,anyone,NEUTRAL_CONTEXT
74,Jalen Summers,jalen,NEUTRAL_CONTEXT
74,Jalen Summers,also,NEUTRAL_CONTEXT
74,Jalen Summers,take,NEUTRAL_CONTEXT
74,Jalen Summers,sporadic,NEUTRAL_CONTEXT
74,Jalen Summers,vacation,NEUTRAL_CONTEXT
74,Jalen Summers,day,NEUTRAL_CONTEXT
74,Jalen Summers,to,NEUTRAL_CONTEXT
74,Jalen Summers,deal,NEUTRAL_CONTEXT
74,Jalen Summers,with,NEUTRAL_CONTEXT
74,Jalen Summers,personal,NEUTRAL_CONTEXT
74,Jalen Summers,issue,NEGATIVE_SIGNAL
74,Jalen Summers,in,NEUTRAL_CONTEXT
74,Jalen Summers,my,NEUTRAL_CONTEXT
74,Jalen Summers,view,NEUTRAL_CONTEXT
74,Jalen Summers,jalen,NEUTRAL_CONTEXT
74,Jalen Summers,is,NEUTRAL_CONTEXT
74,Jalen Summers,not,NEUTRAL_CONTEXT
74,Jalen Summers,long,NEUTRAL_CONTEXT
74,Jalen Summers,for,NEUTRAL_CONTEXT
74,Jalen Summers,this,NEUTRAL_CONTEXT
74,Jalen Summers,firm,NEUTRAL_CONTEXT
10048,Douglas Henry,douglas,NEUTRAL_CONTEXT
10048,Douglas Henry,henry,NEUTRAL_CONTEXT
10048,Douglas Henry,ha,NEUTRAL_CONTEXT
10048,Douglas Henry,disappointed,NEUTRAL_CONTEXT
10048,Douglas Henry,u,NEUTRAL_CONTEXT
10048,Douglas Henry,this,NEUTRAL_CONTEXT
10048,Douglas Henry,quarter,NEUTRAL_CONTEXT
10048,Douglas Henry,he,NEUTRAL_CONTEXT
10048,Douglas Henry,lack,NEGATIVE_SIGNAL
10048,Douglas Henry,motivation,NEUTRAL_CONTEXT
10048,Douglas Henry,to,NEUTRAL_CONTEXT
10048,Douglas Henry,complete,NEUTRAL_CONTEXT
10048,Douglas Henry,his,NEUTRAL_CONTEXT
10048,Douglas Henry,work,NEUTRAL_CONTEXT
10048,Douglas Henry,lately,NEUTRAL_CONTEXT
10048,Douglas Henry,and,NEUTRAL_CONTEXT
10048,Douglas Henry,seems,NEUTRAL_CONTEXT
10048,Douglas Henry,apathetic,NEUTRAL_CONTEXT
10048,Douglas Henry,his,NEUTRAL_CONTEXT
10048,Douglas Henry,attendance,RISK_SIGNAL
10048,Douglas Henry,is,NEUTRAL_CONTEXT
10048,Douglas Henry,slipping,NEUTRAL_CONTEXT
10048,Douglas Henry,a,NEUTRAL_CONTEXT
10048,Douglas Henry,well,NEUTRAL_CONTEXT
10048,Douglas Henry,and,NEUTRAL_CONTEXT
10048,Douglas Henry,weve,NEUTRAL_CONTEXT
10048,Douglas Henry,issued,NEUTRAL_CONTEXT
10048,Douglas Henry,multiple,NEUTRAL_CONTEXT
10048,Douglas Henry,warning,RISK_SIGNAL
10048,Douglas Henry,if,NEUTRAL_CONTEXT
10048,Douglas Henry,this,NEUTRAL_CONTEXT
10048,Douglas Henry,continues,NEUTRAL_CONTEXT
10048,Douglas Henry,we,NEUTRAL_CONTEXT
10048,Douglas Henry,may,NEUTRAL_CONTEXT
10048,Douglas Henry,have,NEUTRAL_CONTEXT
10048,Douglas Henry,to,NEUTRAL_CONTEXT
10048,Douglas Henry,let,NEUTRAL_CONTEXT
10048,Douglas Henry,him,NEUTRAL_CONTEXT
10048,Douglas Henry,go,NEUTRAL_CONTEXT
10084,Layla Scott,i,NEUTRAL_CONTEXT
10084,Layla Scott,feel,NEUTRAL_CONTEXT
10084,Layla Scott,like,NEUTRAL_CONTEXT
10084,Layla Scott,layla,NEUTRAL_CONTEXT
10084,Layla Scott,may,NEUTRAL_CONTEXT
10084,Layla Scott,have,NEUTRAL_CONTEXT
10084,Layla Scott,overpromised,NEUTRAL_CONTEXT
10084,Layla Scott,during,NEUTRAL_CONTEXT
10084,Layla Scott,her,NEUTRAL_CONTEXT
10084,Layla Scott,interview,NEUTRAL_CONTEXT
10084,Layla Scott,she,NEUTRAL_CONTEXT
10084,Layla Scott,is,NEUTRAL_CONTEXT
10084,Layla Scott,often,NEUTRAL_CONTEXT
10084,Layla Scott,found,NEUTRAL_CONTEXT
10084,Layla Scott,on,NEUTRAL_CONTEXT
10084,Layla Scott,extended,NEUTRAL_CONTEXT
10084,Layla Scott,break,NEUTRAL_CONTEXT
10084,Layla Scott,or,NEUTRAL_CONTEXT
10084,Layla Scott,on,NEUTRAL_CONTEXT
10084,Layla Scott,her,NEUTRAL_CONTEXT
10084,Layla Scott,phone,NEUTRAL_CONTEXT
10084,Layla Scott,with,NEUTRAL_CONTEXT
10084,Layla Scott,little,NEUTRAL_CONTEXT
10084,Layla Scott,drive,NEUTRAL_CONTEXT
10084,Layla Scott,or,NEUTRAL_CONTEXT
10084,Layla Scott,interest,NEUTRAL_CONTEXT
10084,Layla Scott,to,NEUTRAL_CONTEXT
10084,Layla Scott,accomplish,NEUTRAL_CONTEXT
10084,Layla Scott,the,NEUTRAL_CONTEXT
10084,Layla Scott,job,NEUTRAL_CONTEXT
10084,Layla Scott,she,NEUTRAL_CONTEXT
10084,Layla Scott,often,NEUTRAL_CONTEXT
10084,Layla Scott,barely,NEUTRAL_CONTEXT
10084,Layla Scott,squeak,NEUTRAL_CONTEXT
10084,Layla Scott,by,NEUTRAL_CONTEXT
10084,Layla Scott,with,NEUTRAL_CONTEXT
10084,Layla Scott,minimal,NEUTRAL_CONTEXT
10084,Layla Scott,accomplishment,NEUTRAL_CONTEXT
10084,Layla Scott,maybe,NEUTRAL_CONTEXT
10084,Layla Scott,she,NEUTRAL_CONTEXT
10084,Layla Scott,should,NEUTRAL_CONTEXT
10084,Layla Scott,consider,NEUTRAL_CONTEXT
10084,Layla Scott,something,NEUTRAL_CONTEXT
10084,Layla Scott,else,NEUTRAL_CONTEXT
10084,Layla Scott,more,NEUTRAL_CONTEXT
10084,Layla Scott,appropriate,NEUTRAL_CONTEXT
20047,Cason Vargas,carson,NEUTRAL_CONTEXT
20047,Cason Vargas,ha,NEUTRAL_CONTEXT
20047,Cason Vargas,not,NEUTRAL_CONTEXT
20047,Cason Vargas,been,NEUTRAL_CONTEXT
20047,Cason Vargas,working,NEUTRAL_CONTEXT
20047,Cason Vargas,out,NEUTRAL_CONTEXT
20047,Cason Vargas,very,NEUTRAL_CONTEXT
20047,Cason Vargas,well,NEUTRAL_CONTEXT
20047,Cason Vargas,in,NEUTRAL_CONTEXT
20047,Cason Vargas,my,NEUTRAL_CONTEXT
20047,Cason Vargas,evaluation,NEUTRAL_CONTEXT
20047,Cason Vargas,he,NEUTRAL_CONTEXT
20047,Cason Vargas,is,NEUTRAL_CONTEXT
20047,Cason Vargas,not,NEUTRAL_CONTEXT
20047,Cason Vargas,very,NEUTRAL_CONTEXT
20047,Cason Vargas,punctual,NEUTRAL_CONTEXT
20047,Cason Vargas,and,NEUTRAL_CONTEXT
20047,Cason Vargas,is,NEUTRAL_CONTEXT
20047,Cason Vargas,oft,NEUTRAL_CONTEXT
20047,Cason Vargas,absent,NEGATIVE_SIGNAL
20047,Cason Vargas,his,NEUTRAL_CONTEXT
20047,Cason Vargas,work,NEUTRAL_CONTEXT
20047,Cason Vargas,quality,POSITIVE_SIGNAL
20047,Cason Vargas,is,NEUTRAL_CONTEXT
20047,Cason Vargas,poor,NEGATIVE_SIGNAL
20047,Cason Vargas,and,NEUTRAL_CONTEXT
20047,Cason Vargas,so,NEUTRAL_CONTEXT
20047,Cason Vargas,too,NEUTRAL_CONTEXT
20047,Cason Vargas,is,NEUTRAL_CONTEXT
20047,Cason Vargas,his,NEUTRAL_CONTEXT
20047,Cason Vargas,effort,NEUTRAL_CONTEXT
20047,Cason Vargas,i,NEUTRAL_CONTEXT
20047,Cason Vargas,do,NEUTRAL_CONTEXT
20047,Cason Vargas,not,NEUTRAL_CONTEXT
20047,Cason Vargas,believe,NEUTRAL_CONTEXT
20047,Cason Vargas,he,NEUTRAL_CONTEXT
20047,Cason Vargas,is,NEUTRAL_CONTEXT
20047,Cason Vargas,a,NEUTRAL_CONTEXT
20047,Cason Vargas,viable,NEUTRAL_CONTEXT
20047,Cason Vargas,investment,NEUTRAL_CONTEXT
20047,Cason Vargas,and,NEUTRAL_CONTEXT
20047,Cason Vargas,is,NEUTRAL_CONTEXT
20047,Cason Vargas,not,NEUTRAL_CONTEXT
20047,Cason Vargas,worth,NEUTRAL_CONTEXT
20047,Cason Vargas,the,NEUTRAL_CONTEXT
20047,Cason Vargas,time,NEUTRAL_CONTEXT
20047,Cason Vargas,and,NEUTRAL_CONTEXT
20047,Cason Vargas,resource,NEUTRAL_CONTEXT
20045,Cason Vargas,casons,NEUTRAL_CONTEXT
20045,Cason Vargas,performance,NEUTRAL_CONTEXT
20045,Cason Vargas,ha,NEUTRAL_CONTEXT
20045,Cason Vargas,been,NEUTRAL_CONTEXT
20045,Cason Vargas,nothing,NEUTRAL_CONTEXT
20045,Cason Vargas,short,NEUTRAL_CONTEXT
20045,Cason Vargas,of,NEUTRAL_CONTEXT
20045,Cason Vargas,disappointing,NEUTRAL_CONTEXT
20045,Cason Vargas,in,NEUTRAL_CONTEXT
20045,Cason Vargas,the,NEUTRAL_CONTEXT
20045,Cason Vargas,past,NEUTRAL_CONTEXT
20045,Cason Vargas,quarter,NEUTRAL_CONTEXT
20045,Cason Vargas,he,NEUTRAL_CONTEXT
20045,Cason Vargas,is,NEUTRAL_CONTEXT
20045,Cason Vargas,perpetually,NEUTRAL_CONTEXT
20045,Cason Vargas,distracted,NEUTRAL_CONTEXT
20045,Cason Vargas,and,NEUTRAL_CONTEXT
20045,Cason Vargas,ha,NEUTRAL_CONTEXT
20045,Cason Vargas,not,NEUTRAL_CONTEXT
20045,Cason Vargas,met,NEUTRAL_CONTEXT
20045,Cason Vargas,the,NEUTRAL_CONTEXT
20045,Cason Vargas,deadline,RISK_SIGNAL
20045,Cason Vargas,even,NEUTRAL_CONTEXT
20045,Cason Vargas,once,NEUTRAL_CONTEXT
20045,Cason Vargas,in,NEUTRAL_CONTEXT
20045,Cason Vargas,the,NEUTRAL_CONTEXT
20045,Cason Vargas,last,NEUTRAL_CONTEXT
20045,Cason Vargas,month,NEUTRAL_CONTEXT
20045,Cason Vargas,when,NEUTRAL_CONTEXT
20045,Cason Vargas,he,NEUTRAL_CONTEXT
20045,Cason Vargas,did,NEUTRAL_CONTEXT
20045,Cason Vargas,meet,NEUTRAL_CONTEXT
20045,Cason Vargas,the,NEUTRAL_CONTEXT
20045,Cason Vargas,deadline,RISK_SIGNAL
20045,Cason Vargas,his,NEUTRAL_CONTEXT
20045,Cason Vargas,work,NEUTRAL_CONTEXT
20045,Cason Vargas,failed,NEGATIVE_SIGNAL
20045,Cason Vargas,to,NEUTRAL_CONTEXT
20045,Cason Vargas,pas,NEUTRAL_CONTEXT
20045,Cason Vargas,the,NEUTRAL_CONTEXT
20045,Cason Vargas,quality,POSITIVE_SIGNAL
20045,Cason Vargas,control,NEUTRAL_CONTEXT
20045,Cason Vargas,checkpoint,NEUTRAL_CONTEXT
20045,Cason Vargas,at,NEUTRAL_CONTEXT
20045,Cason Vargas,this,NEUTRAL_CONTEXT
20045,Cason Vargas,rate,NEUTRAL_CONTEXT
20045,Cason Vargas,it,NEUTRAL_CONTEXT
20045,Cason Vargas,would,NEUTRAL_CONTEXT
20045,Cason Vargas,be,NEUTRAL_CONTEXT
20045,Cason Vargas,a,NEUTRAL_CONTEXT
20045,Cason Vargas,necessity,NEUTRAL_CONTEXT
20045,Cason Vargas,to,NEUTRAL_CONTEXT
20045,Cason Vargas,find,NEUTRAL_CONTEXT
20045,Cason Vargas,a,NEUTRAL_CONTEXT
20045,Cason Vargas,suitable,NEUTRAL_CONTEXT
20045,Cason Vargas,replacement,NEUTRAL_CONTEXT
20045,Cason Vargas,for,NEUTRAL_CONTEXT
20045,Cason Vargas,cason,NEUTRAL_CONTEXT
20045,Cason Vargas,unless,NEUTRAL_CONTEXT
20045,Cason Vargas,he,NEUTRAL_CONTEXT
20045,Cason Vargas,doe,NEUTRAL_CONTEXT
20045,Cason Vargas,something,NEUTRAL_CONTEXT
20045,Cason Vargas,miraculous,NEUTRAL_CONTEXT
20045,Cason Vargas,to,NEUTRAL_CONTEXT
20045,Cason Vargas,up,NEUTRAL_CONTEXT
20045,Cason Vargas,his,NEUTRAL_CONTEXT
20045,Cason Vargas,performance,NEUTRAL_CONTEXT
20045,Cason Vargas,on,NEUTRAL_CONTEXT
20045,Cason Vargas,par,NEUTRAL_CONTEXT
20045,Cason Vargas,with,NEUTRAL_CONTEXT
20045,Cason Vargas,the,NEUTRAL_CONTEXT
20045,Cason Vargas,best,POSITIVE_SIGNAL
20045,Cason Vargas,performer,NEUTRAL_CONTEXT
20043,Cason Vargas,cason,NEUTRAL_CONTEXT
20043,Cason Vargas,vargas,NEUTRAL_CONTEXT
20043,Cason Vargas,is,NEUTRAL_CONTEXT
20043,Cason Vargas,a,NEUTRAL_CONTEXT
20043,Cason Vargas,software,NEUTRAL_CONTEXT
20043,Cason Vargas,developer,NEUTRAL_CONTEXT
20043,Cason Vargas,for,NEUTRAL_CONTEXT
20043,Cason Vargas,our,NEUTRAL_CONTEXT
20043,Cason Vargas,customer,NEUTRAL_CONTEXT
20043,Cason Vargas,service,NEUTRAL_CONTEXT
20043,Cason Vargas,team,NEUTRAL_CONTEXT
20043,Cason Vargas,he,NEUTRAL_CONTEXT
20043,Cason Vargas,started,NEUTRAL_CONTEXT
20043,Cason Vargas,here,NEUTRAL_CONTEXT
20043,Cason Vargas,last,NEUTRAL_CONTEXT
20043,Cason Vargas,fall,NEUTRAL_CONTEXT
20043,Cason Vargas,and,NEUTRAL_CONTEXT
20043,Cason Vargas,ha,NEUTRAL_CONTEXT
20043,Cason Vargas,been,NEUTRAL_CONTEXT
20043,Cason Vargas,responsible,NEUTRAL_CONTEXT
20043,Cason Vargas,for,NEUTRAL_CONTEXT
20043,Cason Vargas,improving,NEUTRAL_CONTEXT
20043,Cason Vargas,user,NEUTRAL_CONTEXT
20043,Cason Vargas,interface,NEUTRAL_CONTEXT
20043,Cason Vargas,error,NEUTRAL_CONTEXT
20043,Cason Vargas,and,NEUTRAL_CONTEXT
20043,Cason Vargas,bug,NEUTRAL_CONTEXT
20043,Cason Vargas,on,NEUTRAL_CONTEXT
20043,Cason Vargas,various,NEUTRAL_CONTEXT
20043,Cason Vargas,customer,NEUTRAL_CONTEXT
20043,Cason Vargas,service,NEUTRAL_CONTEXT
20043,Cason Vargas,application,NEUTRAL_CONTEXT
20043,Cason Vargas,operated,NEUTRAL_CONTEXT
20043,Cason Vargas,on,NEUTRAL_CONTEXT
20043,Cason Vargas,different,NEUTRAL_CONTEXT
20043,Cason Vargas,type,NEUTRAL_CONTEXT
20043,Cason Vargas,of,NEUTRAL_CONTEXT
20043,Cason Vargas,technology,NEUTRAL_CONTEXT
20043,Cason Vargas,website,NEUTRAL_CONTEXT
20043,Cason Vargas,mobile,NEUTRAL_CONTEXT
20043,Cason Vargas,website,NEUTRAL_CONTEXT
20043,Cason Vargas,mobile,NEUTRAL_CONTEXT
20043,Cason Vargas,app,NEUTRAL_CONTEXT
20043,Cason Vargas,and,NEUTRAL_CONTEXT
20043,Cason Vargas,instore,NEUTRAL_CONTEXT
20043,Cason Vargas,machine,NEUTRAL_CONTEXT
20043,Cason Vargas,he,NEUTRAL_CONTEXT
20043,Cason Vargas,ha,NEUTRAL_CONTEXT
20043,Cason Vargas,attended,NEUTRAL_CONTEXT
20043,Cason Vargas,to,NEUTRAL_CONTEXT
20043,Cason Vargas,multiple,NEUTRAL_CONTEXT
20043,Cason Vargas,customer,NEUTRAL_CONTEXT
20043,Cason Vargas,but,NEUTRAL_CONTEXT
20043,Cason Vargas,i,NEUTRAL_CONTEXT
20043,Cason Vargas,have,NEUTRAL_CONTEXT
20043,Cason Vargas,received,NEUTRAL_CONTEXT
20043,Cason Vargas,feedback,NEUTRAL_CONTEXT
20043,Cason Vargas,that,NEUTRAL_CONTEXT
20043,Cason Vargas,many,NEUTRAL_CONTEXT
20043,Cason Vargas,bug,NEUTRAL_CONTEXT
20043,Cason Vargas,remain,NEUTRAL_CONTEXT
20043,Cason Vargas,on,NEUTRAL_CONTEXT
20043,Cason Vargas,the,NEUTRAL_CONTEXT
20043,Cason Vargas,company,NEUTRAL_CONTEXT
20043,Cason Vargas,technology,NEUTRAL_CONTEXT
20043,Cason Vargas,and,NEUTRAL_CONTEXT
20043,Cason Vargas,some,NEUTRAL_CONTEXT
20043,Cason Vargas,customer,NEUTRAL_CONTEXT
20043,Cason Vargas,are,NEUTRAL_CONTEXT
20043,Cason Vargas,not,NEUTRAL_CONTEXT
20043,Cason Vargas,satisfied,NEUTRAL_CONTEXT
20043,Cason Vargas,with,NEUTRAL_CONTEXT
20043,Cason Vargas,their,NEUTRAL_CONTEXT
20043,Cason Vargas,user,NEUTRAL_CONTEXT
20043,Cason Vargas,experience,NEUTRAL_CONTEXT
20043,Cason Vargas,i,NEUTRAL_CONTEXT
20043,Cason Vargas,have,NEUTRAL_CONTEXT
20043,Cason Vargas,also,NEUTRAL_CONTEXT
20043,Cason Vargas,noticed,NEUTRAL_CONTEXT
20043,Cason Vargas,cason,NEUTRAL_CONTEXT
20043,Cason Vargas,missing,NEGATIVE_SIGNAL
20043,Cason Vargas,a,NEUTRAL_CONTEXT
20043,Cason Vargas,few,NEUTRAL_CONTEXT
20043,Cason Vargas,staff,NEUTRAL_CONTEXT
20043,Cason Vargas,meeting,NEUTRAL_CONTEXT
20043,Cason Vargas,im,NEUTRAL_CONTEXT
20043,Cason Vargas,concerned,NEUTRAL_CONTEXT
20043,Cason Vargas,about,NEUTRAL_CONTEXT
20043,Cason Vargas,his,NEUTRAL_CONTEXT
20043,Cason Vargas,work,NEUTRAL_CONTEXT
20043,Cason Vargas,record,NEUTRAL_CONTEXT
20043,Cason Vargas,this,NEUTRAL_CONTEXT
20043,Cason Vargas,quarter,NEUTRAL_CONTEXT
20028,Rowan Cain,mr,NEUTRAL_CONTEXT
20028,Rowan Cain,cain,NEUTRAL_CONTEXT
20028,Rowan Cain,started,NEUTRAL_CONTEXT
20028,Rowan Cain,with,NEUTRAL_CONTEXT
20028,Rowan Cain,the,NEUTRAL_CONTEXT
20028,Rowan Cain,company,NEUTRAL_CONTEXT
20028,Rowan Cain,last,NEUTRAL_CONTEXT
20028,Rowan Cain,month,NEUTRAL_CONTEXT
20028,Rowan Cain,and,NEUTRAL_CONTEXT
20028,Rowan Cain,every,NEUTRAL_CONTEXT
20028,Rowan Cain,day,NEUTRAL_CONTEXT
20028,Rowan Cain,ha,NEUTRAL_CONTEXT
20028,Rowan Cain,been,NEUTRAL_CONTEXT
20028,Rowan Cain,a,NEUTRAL_CONTEXT
20028,Rowan Cain,ray,NEUTRAL_CONTEXT
20028,Rowan Cain,of,NEUTRAL_CONTEXT
20028,Rowan Cain,sunshine,NEUTRAL_CONTEXT
20028,Rowan Cain,until,NEUTRAL_CONTEXT
20028,Rowan Cain,it,NEUTRAL_CONTEXT
20028,Rowan Cain,time,NEUTRAL_CONTEXT
20028,Rowan Cain,to,NEUTRAL_CONTEXT
20028,Rowan Cain,get,NEUTRAL_CONTEXT
20028,Rowan Cain,to,NEUTRAL_CONTEXT
20028,Rowan Cain,work,NEUTRAL_CONTEXT
20028,Rowan Cain,mr,NEUTRAL_CONTEXT
20028,Rowan Cain,cain,NEUTRAL_CONTEXT
20028,Rowan Cain,give,NEUTRAL_CONTEXT
20028,Rowan Cain,percent,NEUTRAL_CONTEXT
20028,Rowan Cain,to,NEUTRAL_CONTEXT
20028,Rowan Cain,every,NEUTRAL_CONTEXT
20028,Rowan Cain,task,NEUTRAL_CONTEXT
20028,Rowan Cain,he,NEUTRAL_CONTEXT
20028,Rowan Cain,like,NEUTRAL_CONTEXT
20028,Rowan Cain,and,NEUTRAL_CONTEXT
20028,Rowan Cain,is,NEUTRAL_CONTEXT
20028,Rowan Cain,always,NEUTRAL_CONTEXT
20028,Rowan Cain,there,NEUTRAL_CONTEXT
20028,Rowan Cain,to,NEUTRAL_CONTEXT
20028,Rowan Cain,help,NEUTRAL_CONTEXT
20028,Rowan Cain,people,NEUTRAL_CONTEXT
20028,Rowan Cain,when,NEUTRAL_CONTEXT
20028,Rowan Cain,he,NEUTRAL_CONTEXT
20028,Rowan Cain,feel,NEUTRAL_CONTEXT
20028,Rowan Cain,like,NEUTRAL_CONTEXT
20028,Rowan Cain,it,NEUTRAL_CONTEXT
20028,Rowan Cain,if,NEUTRAL_CONTEXT
20028,Rowan Cain,a,NEUTRAL_CONTEXT
20028,Rowan Cain,customer,NEUTRAL_CONTEXT
20028,Rowan Cain,is,NEUTRAL_CONTEXT
20028,Rowan Cain,not,NEUTRAL_CONTEXT
20028,Rowan Cain,to,NEUTRAL_CONTEXT
20028,Rowan Cain,his,NEUTRAL_CONTEXT
20028,Rowan Cain,liking,NEUTRAL_CONTEXT
20028,Rowan Cain,or,NEUTRAL_CONTEXT
20028,Rowan Cain,if,NEUTRAL_CONTEXT
20028,Rowan Cain,it,NEUTRAL_CONTEXT
20028,Rowan Cain,is,NEUTRAL_CONTEXT
20028,Rowan Cain,a,NEUTRAL_CONTEXT
20028,Rowan Cain,thursday,NEUTRAL_CONTEXT
20028,Rowan Cain,mr,NEUTRAL_CONTEXT
20028,Rowan Cain,cain,NEUTRAL_CONTEXT
20028,Rowan Cain,is,NEUTRAL_CONTEXT
20028,Rowan Cain,rude,NEUTRAL_CONTEXT
20028,Rowan Cain,in,NEUTRAL_CONTEXT
20028,Rowan Cain,manner,NEUTRAL_CONTEXT
20028,Rowan Cain,and,NEUTRAL_CONTEXT
20028,Rowan Cain,ha,NEUTRAL_CONTEXT
20028,Rowan Cain,to,NEUTRAL_CONTEXT
20028,Rowan Cain,be,NEUTRAL_CONTEXT
20028,Rowan Cain,removed,NEUTRAL_CONTEXT
20028,Rowan Cain,from,NEUTRAL_CONTEXT
20028,Rowan Cain,the,NEUTRAL_CONTEXT
20028,Rowan Cain,floor,NEUTRAL_CONTEXT
20028,Rowan Cain,we,NEUTRAL_CONTEXT
20028,Rowan Cain,wish,NEUTRAL_CONTEXT
20028,Rowan Cain,we,NEUTRAL_CONTEXT
20028,Rowan Cain,could,NEUTRAL_CONTEXT
20028,Rowan Cain,see,NEUTRAL_CONTEXT
20028,Rowan Cain,more,NEUTRAL_CONTEXT
20028,Rowan Cain,consistent,POSITIVE_SIGNAL
20028,Rowan Cain,performance,NEUTRAL_CONTEXT
20028,Rowan Cain,from,NEUTRAL_CONTEXT
20028,Rowan Cain,mr,NEUTRAL_CONTEXT
20028,Rowan Cain,cain,NEUTRAL_CONTEXT
20028,Rowan Cain,a,NEUTRAL_CONTEXT
20028,Rowan Cain,right,NEUTRAL_CONTEXT
20028,Rowan Cain,now,NEUTRAL_CONTEXT
20028,Rowan Cain,we,NEUTRAL_CONTEXT
20028,Rowan Cain,are,NEUTRAL_CONTEXT
20028,Rowan Cain,frustrated,NEUTRAL_CONTEXT
20028,Rowan Cain,with,NEUTRAL_CONTEXT
20028,Rowan Cain,his,NEUTRAL_CONTEXT
20028,Rowan Cain,inconsistent,NEGATIVE_SIGNAL
20028,Rowan Cain,performance,NEUTRAL_CONTEXT
20005,Jude May,jude,NEUTRAL_CONTEXT
20005,Jude May,ha,NEUTRAL_CONTEXT
20005,Jude May,potential,GROWTH_SIGNAL
20005,Jude May,but,NEUTRAL_CONTEXT
20005,Jude May,need,NEUTRAL_CONTEXT
20005,Jude May,coaching,GROWTH_SIGNAL
20005,Jude May,in,NEUTRAL_CONTEXT
20005,Jude May,several,NEUTRAL_CONTEXT
20005,Jude May,area,NEUTRAL_CONTEXT
20005,Jude May,their,NEUTRAL_CONTEXT
20005,Jude May,quality,POSITIVE_SIGNAL
20005,Jude May,of,NEUTRAL_CONTEXT
20005,Jude May,work,NEUTRAL_CONTEXT
20005,Jude May,is,NEUTRAL_CONTEXT
20005,Jude May,very,NEUTRAL_CONTEXT
20005,Jude May,poor,NEGATIVE_SIGNAL
20005,Jude May,with,NEUTRAL_CONTEXT
20005,Jude May,many,NEUTRAL_CONTEXT
20005,Jude May,mistake,NEGATIVE_SIGNAL
20005,Jude May,i,NEUTRAL_CONTEXT
20005,Jude May,have,NEUTRAL_CONTEXT
20005,Jude May,talked,NEUTRAL_CONTEXT
20005,Jude May,to,NEUTRAL_CONTEXT
20005,Jude May,jude,NEUTRAL_CONTEXT
20005,Jude May,on,NEUTRAL_CONTEXT
20005,Jude May,many,NEUTRAL_CONTEXT
20005,Jude May,occasion,NEUTRAL_CONTEXT
20005,Jude May,about,NEUTRAL_CONTEXT
20005,Jude May,their,NEUTRAL_CONTEXT
20005,Jude May,work,NEUTRAL_CONTEXT
20005,Jude May,quality,POSITIVE_SIGNAL
20005,Jude May,and,NEUTRAL_CONTEXT
20005,Jude May,they,NEUTRAL_CONTEXT
20005,Jude May,are,NEUTRAL_CONTEXT
20005,Jude May,defensive,NEUTRAL_CONTEXT
20005,Jude May,and,NEUTRAL_CONTEXT
20005,Jude May,deny,NEUTRAL_CONTEXT
20005,Jude May,the,NEUTRAL_CONTEXT
20005,Jude May,mistake,NEGATIVE_SIGNAL
20005,Jude May,even,NEUTRAL_CONTEXT
20005,Jude May,when,NEUTRAL_CONTEXT
20005,Jude May,i,NEUTRAL_CONTEXT
20005,Jude May,have,NEUTRAL_CONTEXT
20005,Jude May,shown,NEUTRAL_CONTEXT
20005,Jude May,several,NEUTRAL_CONTEXT
20005,Jude May,example,NEUTRAL_CONTEXT
20005,Jude May,jude,NEUTRAL_CONTEXT
20005,Jude May,also,NEUTRAL_CONTEXT
20005,Jude May,need,NEUTRAL_CONTEXT
20005,Jude May,to,NEUTRAL_CONTEXT
20005,Jude May,act,NEUTRAL_CONTEXT
20005,Jude May,in,NEUTRAL_CONTEXT
20005,Jude May,a,NEUTRAL_CONTEXT
20005,Jude May,more,NEUTRAL_CONTEXT
20005,Jude May,professional,NEUTRAL_CONTEXT
20005,Jude May,manner,NEUTRAL_CONTEXT
20005,Jude May,they,NEUTRAL_CONTEXT
20005,Jude May,do,NEUTRAL_CONTEXT
20005,Jude May,not,NEUTRAL_CONTEXT
20005,Jude May,take,NEUTRAL_CONTEXT
20005,Jude May,any,NEUTRAL_CONTEXT
20005,Jude May,sort,NEUTRAL_CONTEXT
20005,Jude May,of,NEUTRAL_CONTEXT
20005,Jude May,feedback,NEUTRAL_CONTEXT
20005,Jude May,well,NEUTRAL_CONTEXT
20005,Jude May,jude,NEUTRAL_CONTEXT
20005,Jude May,should,NEUTRAL_CONTEXT
20005,Jude May,not,NEUTRAL_CONTEXT
20005,Jude May,be,NEUTRAL_CONTEXT
20005,Jude May,given,NEUTRAL_CONTEXT
20005,Jude May,a,NEUTRAL_CONTEXT
20005,Jude May,raise,NEUTRAL_CONTEXT
20005,Jude May,this,NEUTRAL_CONTEXT
20005,Jude May,year,NEUTRAL_CONTEXT
20005,Jude May,and,NEUTRAL_CONTEXT
20005,Jude May,need,NEUTRAL_CONTEXT
20005,Jude May,to,NEUTRAL_CONTEXT
20005,Jude May,complete,NEUTRAL_CONTEXT
20005,Jude May,a,NEUTRAL_CONTEXT
20005,Jude May,rigid,NEUTRAL_CONTEXT
20005,Jude May,coaching,GROWTH_SIGNAL
20005,Jude May,program,NEUTRAL_CONTEXT
20005,Jude May,to,NEUTRAL_CONTEXT
20005,Jude May,continue,NEUTRAL_CONTEXT
20005,Jude May,employment,NEUTRAL_CONTEXT
20003,Jude May,jude,NEUTRAL_CONTEXT
20003,Jude May,is,NEUTRAL_CONTEXT
20003,Jude May,an,NEUTRAL_CONTEXT
20003,Jude May,embarrassment,NEUTRAL_CONTEXT
20003,Jude May,he,NEUTRAL_CONTEXT
20003,Jude May,never,RISK_SIGNAL
20003,Jude May,even,NEUTRAL_CONTEXT
20003,Jude May,try,NEUTRAL_CONTEXT
20003,Jude May,or,NEUTRAL_CONTEXT
20003,Jude May,care,NEUTRAL_CONTEXT
20003,Jude May,at,NEUTRAL_CONTEXT
20003,Jude May,his,NEUTRAL_CONTEXT
20003,Jude May,job,NEUTRAL_CONTEXT
20003,Jude May,if,NEUTRAL_CONTEXT
20003,Jude May,he,NEUTRAL_CONTEXT
20003,Jude May,keep,NEUTRAL_CONTEXT
20003,Jude May,this,NEUTRAL_CONTEXT
20003,Jude May,up,NEUTRAL_CONTEXT
20003,Jude May,he,NEUTRAL_CONTEXT
20003,Jude May,wont,NEUTRAL_CONTEXT
20003,Jude May,have,NEUTRAL_CONTEXT
20003,Jude May,a,NEUTRAL_CONTEXT
20003,Jude May,future,GROWTH_SIGNAL
20003,Jude May,here,NEUTRAL_CONTEXT
20003,Jude May,in,NEUTRAL_CONTEXT
20003,Jude May,the,NEUTRAL_CONTEXT
20003,Jude May,company,NEUTRAL_CONTEXT
20003,Jude May,such,NEUTRAL_CONTEXT
20003,Jude May,a,NEUTRAL_CONTEXT
20003,Jude May,waste,NEUTRAL_CONTEXT
20003,Jude May,of,NEUTRAL_CONTEXT
20003,Jude May,potential,GROWTH_SIGNAL
20002,Jude May,jude,NEUTRAL_CONTEXT
20002,Jude May,may,NEUTRAL_CONTEXT
20002,Jude May,ha,NEUTRAL_CONTEXT
20002,Jude May,not,NEUTRAL_CONTEXT
20002,Jude May,been,NEUTRAL_CONTEXT
20002,Jude May,working,NEUTRAL_CONTEXT
20002,Jude May,to,NEUTRAL_CONTEXT
20002,Jude May,a,NEUTRAL_CONTEXT
20002,Jude May,satisfactory,NEUTRAL_CONTEXT
20002,Jude May,level,NEUTRAL_CONTEXT
20002,Jude May,and,NEUTRAL_CONTEXT
20002,Jude May,must,NEUTRAL_CONTEXT
20002,Jude May,improve,GROWTH_SIGNAL
20002,Jude May,on,NEUTRAL_CONTEXT
20002,Jude May,all,NEUTRAL_CONTEXT
20002,Jude May,aspect,NEUTRAL_CONTEXT
20002,Jude May,on,NEUTRAL_CONTEXT
20002,Jude May,their,NEUTRAL_CONTEXT
20002,Jude May,work,NEUTRAL_CONTEXT
20002,Jude May,the,NEUTRAL_CONTEXT
20002,Jude May,worker,NEUTRAL_CONTEXT
20002,Jude May,in,NEUTRAL_CONTEXT
20002,Jude May,question,NEUTRAL_CONTEXT
20002,Jude May,need,NEUTRAL_CONTEXT
20002,Jude May,to,NEUTRAL_CONTEXT
20002,Jude May,show,NEUTRAL_CONTEXT
20002,Jude May,a,NEUTRAL_CONTEXT
20002,Jude May,better,NEUTRAL_CONTEXT
20002,Jude May,attitude,RISK_SIGNAL
20002,Jude May,and,NEUTRAL_CONTEXT
20002,Jude May,more,NEUTRAL_CONTEXT
20002,Jude May,positive,POSITIVE_SIGNAL
20002,Jude May,outlook,NEUTRAL_CONTEXT
20002,Jude May,to,NEUTRAL_CONTEXT
20002,Jude May,the,NEUTRAL_CONTEXT
20002,Jude May,work,NEUTRAL_CONTEXT
20002,Jude May,and,NEUTRAL_CONTEXT
20002,Jude May,make,NEUTRAL_CONTEXT
20002,Jude May,sure,NEUTRAL_CONTEXT
20002,Jude May,it,NEUTRAL_CONTEXT
20002,Jude May,completed,NEUTRAL_CONTEXT
20002,Jude May,in,NEUTRAL_CONTEXT
20002,Jude May,a,NEUTRAL_CONTEXT
20002,Jude May,timely,NEUTRAL_CONTEXT
20002,Jude May,manner,NEUTRAL_CONTEXT
20002,Jude May,with,NEUTRAL_CONTEXT
20002,Jude May,better,NEUTRAL_CONTEXT
20002,Jude May,detail,NEUTRAL_CONTEXT
20002,Jude May,jude,NEUTRAL_CONTEXT
20002,Jude May,can,NEUTRAL_CONTEXT
20002,Jude May,and,NEUTRAL_CONTEXT
20002,Jude May,must,NEUTRAL_CONTEXT
20002,Jude May,show,NEUTRAL_CONTEXT
20002,Jude May,a,NEUTRAL_CONTEXT
20002,Jude May,willingness,NEUTRAL_CONTEXT
20002,Jude May,to,NEUTRAL_CONTEXT
20002,Jude May,progress,GROWTH_SIGNAL
20002,Jude May,further,NEUTRAL_CONTEXT
20002,Jude May,we,NEUTRAL_CONTEXT
20002,Jude May,can,NEUTRAL_CONTEXT
20002,Jude May,look,NEUTRAL_CONTEXT
20002,Jude May,at,NEUTRAL_CONTEXT
20002,Jude May,this,NEUTRAL_CONTEXT
20002,Jude May,again,NEUTRAL_CONTEXT
20002,Jude May,in,NEUTRAL_CONTEXT
20002,Jude May,the,NEUTRAL_CONTEXT
20002,Jude May,future,GROWTH_SIGNAL
20002,Jude May,and,NEUTRAL_CONTEXT
20002,Jude May,we,NEUTRAL_CONTEXT
20002,Jude May,can,NEUTRAL_CONTEXT
20002,Jude May,see,NEUTRAL_CONTEXT
20002,Jude May,how,NEUTRAL_CONTEXT
20002,Jude May,we,NEUTRAL_CONTEXT
20002,Jude May,can,NEUTRAL_CONTEXT
20002,Jude May,work,NEUTRAL_CONTEXT
20002,Jude May,with,NEUTRAL_CONTEXT
20002,Jude May,the,NEUTRAL_CONTEXT
20002,Jude May,individual,NEUTRAL_CONTEXT
20002,Jude May,to,NEUTRAL_CONTEXT
20002,Jude May,make,NEUTRAL_CONTEXT
20002,Jude May,the,NEUTRAL_CONTEXT
20002,Jude May,improvement,GROWTH_SIGNAL
20002,Jude May,needed,RISK_SIGNAL
20001,Jude May,jude,NEUTRAL_CONTEXT
20001,Jude May,ha,NEUTRAL_CONTEXT
20001,Jude May,been,NEUTRAL_CONTEXT
20001,Jude May,disappointing,NEUTRAL_CONTEXT
20001,Jude May,in,NEUTRAL_CONTEXT
20001,Jude May,the,NEUTRAL_CONTEXT
20001,Jude May,key,NEUTRAL_CONTEXT
20001,Jude May,aspect,NEUTRAL_CONTEXT
20001,Jude May,of,NEUTRAL_CONTEXT
20001,Jude May,her,NEUTRAL_CONTEXT
20001,Jude May,work,NEUTRAL_CONTEXT
20001,Jude May,despite,NEUTRAL_CONTEXT
20001,Jude May,being,NEUTRAL_CONTEXT
20001,Jude May,allocated,NEUTRAL_CONTEXT
20001,Jude May,to,NEUTRAL_CONTEXT
20001,Jude May,a,NEUTRAL_CONTEXT
20001,Jude May,number,NEUTRAL_CONTEXT
20001,Jude May,of,NEUTRAL_CONTEXT
20001,Jude May,different,NEUTRAL_CONTEXT
20001,Jude May,task,NEUTRAL_CONTEXT
20001,Jude May,she,NEUTRAL_CONTEXT
20001,Jude May,ha,NEUTRAL_CONTEXT
20001,Jude May,failed,NEGATIVE_SIGNAL
20001,Jude May,to,NEUTRAL_CONTEXT
20001,Jude May,demonstrate,NEUTRAL_CONTEXT
20001,Jude May,a,NEUTRAL_CONTEXT
20001,Jude May,satisfactory,NEUTRAL_CONTEXT
20001,Jude May,level,NEUTRAL_CONTEXT
20001,Jude May,of,NEUTRAL_CONTEXT
20001,Jude May,output,NEUTRAL_CONTEXT
20001,Jude May,her,NEUTRAL_CONTEXT
20001,Jude May,engagement,NEUTRAL_CONTEXT
20001,Jude May,with,NEUTRAL_CONTEXT
20001,Jude May,the,NEUTRAL_CONTEXT
20001,Jude May,job,NEUTRAL_CONTEXT
20001,Jude May,ha,NEUTRAL_CONTEXT
20001,Jude May,been,NEUTRAL_CONTEXT
20001,Jude May,poor,NEGATIVE_SIGNAL
20001,Jude May,and,NEUTRAL_CONTEXT
20001,Jude May,she,NEUTRAL_CONTEXT
20001,Jude May,show,NEUTRAL_CONTEXT
20001,Jude May,little,NEUTRAL_CONTEXT
20001,Jude May,interest,NEUTRAL_CONTEXT
20001,Jude May,in,NEUTRAL_CONTEXT
20001,Jude May,developing,NEUTRAL_CONTEXT
20001,Jude May,even,NEUTRAL_CONTEXT
20001,Jude May,though,NEUTRAL_CONTEXT
20001,Jude May,these,NEUTRAL_CONTEXT
20001,Jude May,opportunity,GROWTH_SIGNAL
20001,Jude May,have,NEUTRAL_CONTEXT
20001,Jude May,been,NEUTRAL_CONTEXT
20001,Jude May,provided,NEUTRAL_CONTEXT
20001,Jude May,there,NEUTRAL_CONTEXT
20001,Jude May,doe,NEUTRAL_CONTEXT
20001,Jude May,not,NEUTRAL_CONTEXT
20001,Jude May,seem,NEUTRAL_CONTEXT
20001,Jude May,to,NEUTRAL_CONTEXT
20001,Jude May,be,NEUTRAL_CONTEXT
20001,Jude May,much,NEUTRAL_CONTEXT
20001,Jude May,benefit,NEUTRAL_CONTEXT
20001,Jude May,to,NEUTRAL_CONTEXT
20001,Jude May,retaining,NEUTRAL_CONTEXT
20001,Jude May,jude,NEUTRAL_CONTEXT
20001,Jude May,in,NEUTRAL_CONTEXT
20001,Jude May,the,NEUTRAL_CONTEXT
20001,Jude May,short,NEUTRAL_CONTEXT
20001,Jude May,or,NEUTRAL_CONTEXT
20001,Jude May,long,NEUTRAL_CONTEXT
20001,Jude May,term,NEUTRAL_CONTEXT
10210,Jaiden Horne,jaiden,NEUTRAL_CONTEXT
10210,Jaiden Horne,ha,NEUTRAL_CONTEXT
10210,Jaiden Horne,been,NEUTRAL_CONTEXT
10210,Jaiden Horne,repeatedly,NEUTRAL_CONTEXT
10210,Jaiden Horne,failing,NEUTRAL_CONTEXT
10210,Jaiden Horne,to,NEUTRAL_CONTEXT
10210,Jaiden Horne,deliver,NEUTRAL_CONTEXT
10210,Jaiden Horne,what,NEUTRAL_CONTEXT
10210,Jaiden Horne,ha,NEUTRAL_CONTEXT
10210,Jaiden Horne,been,NEUTRAL_CONTEXT
10210,Jaiden Horne,asked,NEUTRAL_CONTEXT
10210,Jaiden Horne,of,NEUTRAL_CONTEXT
10210,Jaiden Horne,him,NEUTRAL_CONTEXT
10210,Jaiden Horne,and,NEUTRAL_CONTEXT
10210,Jaiden Horne,show,NEUTRAL_CONTEXT
10210,Jaiden Horne,little,NEUTRAL_CONTEXT
10210,Jaiden Horne,to,NEUTRAL_CONTEXT
10210,Jaiden Horne,no,NEUTRAL_CONTEXT
10210,Jaiden Horne,interest,NEUTRAL_CONTEXT
10210,Jaiden Horne,in,NEUTRAL_CONTEXT
10210,Jaiden Horne,the,NEUTRAL_CONTEXT
10210,Jaiden Horne,assignment,NEUTRAL_CONTEXT
10210,Jaiden Horne,the,NEUTRAL_CONTEXT
10210,Jaiden Horne,team,NEUTRAL_CONTEXT
10210,Jaiden Horne,had,NEUTRAL_CONTEXT
10210,Jaiden Horne,to,NEUTRAL_CONTEXT
10210,Jaiden Horne,work,NEUTRAL_CONTEXT
10210,Jaiden Horne,extra,NEUTRAL_CONTEXT
10210,Jaiden Horne,hour,NEUTRAL_CONTEXT
10210,Jaiden Horne,because,NEUTRAL_CONTEXT
10210,Jaiden Horne,of,NEUTRAL_CONTEXT
10210,Jaiden Horne,his,NEUTRAL_CONTEXT
10210,Jaiden Horne,lacklustre,NEUTRAL_CONTEXT
10210,Jaiden Horne,performance,NEUTRAL_CONTEXT
10210,Jaiden Horne,this,NEUTRAL_CONTEXT
10210,Jaiden Horne,quarter,NEUTRAL_CONTEXT
10210,Jaiden Horne,a,NEUTRAL_CONTEXT
10210,Jaiden Horne,simple,NEUTRAL_CONTEXT
10210,Jaiden Horne,day,NEUTRAL_CONTEXT
10210,Jaiden Horne,task,NEUTRAL_CONTEXT
10210,Jaiden Horne,take,NEUTRAL_CONTEXT
10210,Jaiden Horne,day,NEUTRAL_CONTEXT
10210,Jaiden Horne,when,NEUTRAL_CONTEXT
10210,Jaiden Horne,assigned,NEUTRAL_CONTEXT
10210,Jaiden Horne,to,NEUTRAL_CONTEXT
10210,Jaiden Horne,jaiden,NEUTRAL_CONTEXT
10210,Jaiden Horne,i,NEUTRAL_CONTEXT
10210,Jaiden Horne,believe,NEUTRAL_CONTEXT
10210,Jaiden Horne,if,NEUTRAL_CONTEXT
10210,Jaiden Horne,this,NEUTRAL_CONTEXT
10210,Jaiden Horne,sort,NEUTRAL_CONTEXT
10210,Jaiden Horne,of,NEUTRAL_CONTEXT
10210,Jaiden Horne,abysmal,NEUTRAL_CONTEXT
10210,Jaiden Horne,work,NEUTRAL_CONTEXT
10210,Jaiden Horne,continues,NEUTRAL_CONTEXT
10210,Jaiden Horne,he,NEUTRAL_CONTEXT
10210,Jaiden Horne,may,NEUTRAL_CONTEXT
10210,Jaiden Horne,have,NEUTRAL_CONTEXT
10210,Jaiden Horne,to,NEUTRAL_CONTEXT
10210,Jaiden Horne,start,NEUTRAL_CONTEXT
10210,Jaiden Horne,looking,NEUTRAL_CONTEXT
10210,Jaiden Horne,elsewhere,NEUTRAL_CONTEXT
10208,Jaiden Horne,jaiden,NEUTRAL_CONTEXT
10208,Jaiden Horne,showed,NEUTRAL_CONTEXT
10208,Jaiden Horne,this,NEUTRAL_CONTEXT
10208,Jaiden Horne,quarter,NEUTRAL_CONTEXT
10208,Jaiden Horne,that,NEUTRAL_CONTEXT
10208,Jaiden Horne,he,NEUTRAL_CONTEXT
10208,Jaiden Horne,really,NEUTRAL_CONTEXT
10208,Jaiden Horne,cannot,NEUTRAL_CONTEXT
10208,Jaiden Horne,perform,NEUTRAL_CONTEXT
10208,Jaiden Horne,well,NEUTRAL_CONTEXT
10208,Jaiden Horne,im,NEUTRAL_CONTEXT
10208,Jaiden Horne,sorry,NEUTRAL_CONTEXT
10208,Jaiden Horne,to,NEUTRAL_CONTEXT
10208,Jaiden Horne,say,NEUTRAL_CONTEXT
10208,Jaiden Horne,that,NEUTRAL_CONTEXT
10208,Jaiden Horne,but,NEUTRAL_CONTEXT
10208,Jaiden Horne,hiring,NEUTRAL_CONTEXT
10208,Jaiden Horne,that,NEUTRAL_CONTEXT
10208,Jaiden Horne,guy,NEUTRAL_CONTEXT
10208,Jaiden Horne,isnt,NEUTRAL_CONTEXT
10208,Jaiden Horne,good,POSITIVE_SIGNAL
10208,Jaiden Horne,for,NEUTRAL_CONTEXT
10208,Jaiden Horne,our,NEUTRAL_CONTEXT
10208,Jaiden Horne,company,NEUTRAL_CONTEXT
10208,Jaiden Horne,what,NEUTRAL_CONTEXT
10208,Jaiden Horne,ive,NEUTRAL_CONTEXT
10208,Jaiden Horne,understood,NEUTRAL_CONTEXT
10208,Jaiden Horne,is,NEUTRAL_CONTEXT
10208,Jaiden Horne,that,NEUTRAL_CONTEXT
10208,Jaiden Horne,even,NEUTRAL_CONTEXT
10208,Jaiden Horne,if,NEUTRAL_CONTEXT
10208,Jaiden Horne,he,NEUTRAL_CONTEXT
10208,Jaiden Horne,put,NEUTRAL_CONTEXT
10208,Jaiden Horne,more,NEUTRAL_CONTEXT
10208,Jaiden Horne,effort,NEUTRAL_CONTEXT
10208,Jaiden Horne,into,NEUTRAL_CONTEXT
10208,Jaiden Horne,his,NEUTRAL_CONTEXT
10208,Jaiden Horne,work,NEUTRAL_CONTEXT
10208,Jaiden Horne,he,NEUTRAL_CONTEXT
10208,Jaiden Horne,wont,NEUTRAL_CONTEXT
10208,Jaiden Horne,do,NEUTRAL_CONTEXT
10208,Jaiden Horne,good,POSITIVE_SIGNAL
10208,Jaiden Horne,so,NEUTRAL_CONTEXT
10208,Jaiden Horne,i,NEUTRAL_CONTEXT
10208,Jaiden Horne,dont,NEUTRAL_CONTEXT
10208,Jaiden Horne,know,NEUTRAL_CONTEXT
10208,Jaiden Horne,what,NEUTRAL_CONTEXT
10208,Jaiden Horne,to,NEUTRAL_CONTEXT
10208,Jaiden Horne,tell,NEUTRAL_CONTEXT
10208,Jaiden Horne,you,NEUTRAL_CONTEXT
10208,Jaiden Horne,except,NEUTRAL_CONTEXT
10208,Jaiden Horne,that,NEUTRAL_CONTEXT
10208,Jaiden Horne,i,NEUTRAL_CONTEXT
10208,Jaiden Horne,maybe,NEUTRAL_CONTEXT
10208,Jaiden Horne,recommend,NEUTRAL_CONTEXT
10208,Jaiden Horne,firing,NEUTRAL_CONTEXT
10208,Jaiden Horne,him,NEUTRAL_CONTEXT
10207,Jaiden Horne,jayden,NEUTRAL_CONTEXT
10207,Jaiden Horne,horne,NEUTRAL_CONTEXT
10207,Jaiden Horne,is,NEUTRAL_CONTEXT
10207,Jaiden Horne,not,NEUTRAL_CONTEXT
10207,Jaiden Horne,a,NEUTRAL_CONTEXT
10207,Jaiden Horne,team,NEUTRAL_CONTEXT
10207,Jaiden Horne,player,NEUTRAL_CONTEXT
10207,Jaiden Horne,she,NEUTRAL_CONTEXT
10207,Jaiden Horne,ha,NEUTRAL_CONTEXT
10207,Jaiden Horne,shown,NEUTRAL_CONTEXT
10207,Jaiden Horne,that,NEUTRAL_CONTEXT
10207,Jaiden Horne,her,NEUTRAL_CONTEXT
10207,Jaiden Horne,competence,NEUTRAL_CONTEXT
10207,Jaiden Horne,is,NEUTRAL_CONTEXT
10207,Jaiden Horne,below,NEGATIVE_SIGNAL
10207,Jaiden Horne,the,NEUTRAL_CONTEXT
10207,Jaiden Horne,level,NEUTRAL_CONTEXT
10207,Jaiden Horne,that,NEUTRAL_CONTEXT
10207,Jaiden Horne,is,NEUTRAL_CONTEXT
10207,Jaiden Horne,required,NEUTRAL_CONTEXT
10207,Jaiden Horne,at,NEUTRAL_CONTEXT
10207,Jaiden Horne,present,NEUTRAL_CONTEXT
10207,Jaiden Horne,the,NEUTRAL_CONTEXT
10207,Jaiden Horne,task,NEUTRAL_CONTEXT
10207,Jaiden Horne,she,NEUTRAL_CONTEXT
10207,Jaiden Horne,ha,NEUTRAL_CONTEXT
10207,Jaiden Horne,completed,NEUTRAL_CONTEXT
10207,Jaiden Horne,are,NEUTRAL_CONTEXT
10207,Jaiden Horne,below,NEGATIVE_SIGNAL
10207,Jaiden Horne,average,NEUTRAL_CONTEXT
10207,Jaiden Horne,with,NEUTRAL_CONTEXT
10207,Jaiden Horne,time,NEUTRAL_CONTEXT
10207,Jaiden Horne,jaiden,NEUTRAL_CONTEXT
10207,Jaiden Horne,will,NEUTRAL_CONTEXT
10207,Jaiden Horne,improve,GROWTH_SIGNAL
10169,Katherine Terry,katherine,NEUTRAL_CONTEXT
10169,Katherine Terry,consistently,NEUTRAL_CONTEXT
10169,Katherine Terry,miss,NEGATIVE_SIGNAL
10169,Katherine Terry,her,NEUTRAL_CONTEXT
10169,Katherine Terry,deadline,RISK_SIGNAL
10169,Katherine Terry,she,NEUTRAL_CONTEXT
10169,Katherine Terry,show,NEUTRAL_CONTEXT
10169,Katherine Terry,no,NEUTRAL_CONTEXT
10169,Katherine Terry,sign,NEUTRAL_CONTEXT
10169,Katherine Terry,of,NEUTRAL_CONTEXT
10169,Katherine Terry,caring,NEUTRAL_CONTEXT
10169,Katherine Terry,about,NEUTRAL_CONTEXT
10169,Katherine Terry,improving,NEUTRAL_CONTEXT
10169,Katherine Terry,her,NEUTRAL_CONTEXT
10169,Katherine Terry,subpar,NEUTRAL_CONTEXT
10169,Katherine Terry,work,NEUTRAL_CONTEXT
10169,Katherine Terry,the,NEUTRAL_CONTEXT
10169,Katherine Terry,quality,POSITIVE_SIGNAL
10169,Katherine Terry,of,NEUTRAL_CONTEXT
10169,Katherine Terry,her,NEUTRAL_CONTEXT
10169,Katherine Terry,performance,NEUTRAL_CONTEXT
10169,Katherine Terry,is,NEUTRAL_CONTEXT
10169,Katherine Terry,always,NEUTRAL_CONTEXT
10169,Katherine Terry,lower,NEUTRAL_CONTEXT
10169,Katherine Terry,than,NEUTRAL_CONTEXT
10169,Katherine Terry,the,NEUTRAL_CONTEXT
10169,Katherine Terry,rest,NEUTRAL_CONTEXT
10169,Katherine Terry,of,NEUTRAL_CONTEXT
10169,Katherine Terry,her,NEUTRAL_CONTEXT
10169,Katherine Terry,team,NEUTRAL_CONTEXT
10169,Katherine Terry,she,NEUTRAL_CONTEXT
10169,Katherine Terry,is,NEUTRAL_CONTEXT
10169,Katherine Terry,not,NEUTRAL_CONTEXT
10169,Katherine Terry,proficient,NEUTRAL_CONTEXT
10169,Katherine Terry,at,NEUTRAL_CONTEXT
10169,Katherine Terry,organizing,NEUTRAL_CONTEXT
10169,Katherine Terry,spreadsheet,NEUTRAL_CONTEXT
10169,Katherine Terry,which,NEUTRAL_CONTEXT
10169,Katherine Terry,wa,NEUTRAL_CONTEXT
10169,Katherine Terry,listed,NEUTRAL_CONTEXT
10169,Katherine Terry,on,NEUTRAL_CONTEXT
10169,Katherine Terry,her,NEUTRAL_CONTEXT
10169,Katherine Terry,resume,NEUTRAL_CONTEXT
10169,Katherine Terry,she,NEUTRAL_CONTEXT
10169,Katherine Terry,is,NEUTRAL_CONTEXT
10169,Katherine Terry,late,NEGATIVE_SIGNAL
10169,Katherine Terry,to,NEUTRAL_CONTEXT
10169,Katherine Terry,work,NEUTRAL_CONTEXT
10169,Katherine Terry,more,NEUTRAL_CONTEXT
10169,Katherine Terry,time,NEUTRAL_CONTEXT
10169,Katherine Terry,than,NEUTRAL_CONTEXT
10169,Katherine Terry,not,NEUTRAL_CONTEXT
10168,Katherine Terry,katherine,NEUTRAL_CONTEXT
10168,Katherine Terry,struggle,NEGATIVE_SIGNAL
10168,Katherine Terry,to,NEUTRAL_CONTEXT
10168,Katherine Terry,meet,NEUTRAL_CONTEXT
10168,Katherine Terry,the,NEUTRAL_CONTEXT
10168,Katherine Terry,minimum,NEUTRAL_CONTEXT
10168,Katherine Terry,requirement,NEUTRAL_CONTEXT
10168,Katherine Terry,of,NEUTRAL_CONTEXT
10168,Katherine Terry,her,NEUTRAL_CONTEXT
10168,Katherine Terry,role,NEUTRAL_CONTEXT
10168,Katherine Terry,on,NEUTRAL_CONTEXT
10168,Katherine Terry,several,NEUTRAL_CONTEXT
10168,Katherine Terry,occasion,NEUTRAL_CONTEXT
10168,Katherine Terry,she,NEUTRAL_CONTEXT
10168,Katherine Terry,did,NEUTRAL_CONTEXT
10168,Katherine Terry,not,NEUTRAL_CONTEXT
10168,Katherine Terry,perform,NEUTRAL_CONTEXT
10168,Katherine Terry,in,NEUTRAL_CONTEXT
10168,Katherine Terry,accordance,NEUTRAL_CONTEXT
10168,Katherine Terry,with,NEUTRAL_CONTEXT
10168,Katherine Terry,company,NEUTRAL_CONTEXT
10168,Katherine Terry,standard,NEUTRAL_CONTEXT
10168,Katherine Terry,and,NEUTRAL_CONTEXT
10168,Katherine Terry,this,NEUTRAL_CONTEXT
10168,Katherine Terry,resulted,NEUTRAL_CONTEXT
10168,Katherine Terry,in,NEUTRAL_CONTEXT
10168,Katherine Terry,significant,NEUTRAL_CONTEXT
10168,Katherine Terry,rework,NEUTRAL_CONTEXT
10168,Katherine Terry,katherine,NEUTRAL_CONTEXT
10168,Katherine Terry,is,NEUTRAL_CONTEXT
10168,Katherine Terry,perceived,NEUTRAL_CONTEXT
10168,Katherine Terry,a,NEUTRAL_CONTEXT
10168,Katherine Terry,someone,NEUTRAL_CONTEXT
10168,Katherine Terry,who,NEUTRAL_CONTEXT
10168,Katherine Terry,cannot,NEUTRAL_CONTEXT
10168,Katherine Terry,be,NEUTRAL_CONTEXT
10168,Katherine Terry,relied,NEUTRAL_CONTEXT
10168,Katherine Terry,upon,NEUTRAL_CONTEXT
10168,Katherine Terry,and,NEUTRAL_CONTEXT
10168,Katherine Terry,this,NEUTRAL_CONTEXT
10168,Katherine Terry,ha,NEUTRAL_CONTEXT
10168,Katherine Terry,created,NEUTRAL_CONTEXT
10168,Katherine Terry,a,NEUTRAL_CONTEXT
10168,Katherine Terry,toxic,NEUTRAL_CONTEXT
10168,Katherine Terry,atmosphere,NEUTRAL_CONTEXT
10168,Katherine Terry,in,NEUTRAL_CONTEXT
10168,Katherine Terry,her,NEUTRAL_CONTEXT
10168,Katherine Terry,team,NEUTRAL_CONTEXT
10168,Katherine Terry,katherine,NEUTRAL_CONTEXT
10168,Katherine Terry,ha,NEUTRAL_CONTEXT
10168,Katherine Terry,indicated,NEUTRAL_CONTEXT
10168,Katherine Terry,that,NEUTRAL_CONTEXT
10168,Katherine Terry,she,NEUTRAL_CONTEXT
10168,Katherine Terry,is,NEUTRAL_CONTEXT
10168,Katherine Terry,not,NEUTRAL_CONTEXT
10168,Katherine Terry,willing,NEUTRAL_CONTEXT
10168,Katherine Terry,to,NEUTRAL_CONTEXT
10168,Katherine Terry,work,NEUTRAL_CONTEXT
10168,Katherine Terry,on,NEUTRAL_CONTEXT
10168,Katherine Terry,her,NEUTRAL_CONTEXT
10168,Katherine Terry,performance,NEUTRAL_CONTEXT
10168,Katherine Terry,for,NEUTRAL_CONTEXT
10168,Katherine Terry,these,NEUTRAL_CONTEXT
10168,Katherine Terry,reason,NEUTRAL_CONTEXT
10168,Katherine Terry,katherine,NEUTRAL_CONTEXT
10168,Katherine Terry,must,NEUTRAL_CONTEXT
10168,Katherine Terry,be,NEUTRAL_CONTEXT
10168,Katherine Terry,seen,NEUTRAL_CONTEXT
10168,Katherine Terry,a,NEUTRAL_CONTEXT
10168,Katherine Terry,both,NEUTRAL_CONTEXT
10168,Katherine Terry,a,NEUTRAL_CONTEXT
10168,Katherine Terry,low,NEGATIVE_SIGNAL
10168,Katherine Terry,performer,NEUTRAL_CONTEXT
10168,Katherine Terry,and,NEUTRAL_CONTEXT
10168,Katherine Terry,a,NEUTRAL_CONTEXT
10168,Katherine Terry,worker,NEUTRAL_CONTEXT
10168,Katherine Terry,with,NEUTRAL_CONTEXT
10168,Katherine Terry,low,NEGATIVE_SIGNAL
10168,Katherine Terry,potential,GROWTH_SIGNAL
10168,Katherine Terry,at,NEUTRAL_CONTEXT
10168,Katherine Terry,this,NEUTRAL_CONTEXT
10168,Katherine Terry,stage,NEUTRAL_CONTEXT
10168,Katherine Terry,unfortunately,NEUTRAL_CONTEXT
10168,Katherine Terry,it,NEUTRAL_CONTEXT
10168,Katherine Terry,is,NEUTRAL_CONTEXT
10168,Katherine Terry,concluded,NEUTRAL_CONTEXT
10168,Katherine Terry,that,NEUTRAL_CONTEXT
10168,Katherine Terry,katherine,NEUTRAL_CONTEXT
10168,Katherine Terry,would,NEUTRAL_CONTEXT
10168,Katherine Terry,be,NEUTRAL_CONTEXT
10168,Katherine Terry,at,NEUTRAL_CONTEXT
10168,Katherine Terry,risk,RISK_SIGNAL
10168,Katherine Terry,of,NEUTRAL_CONTEXT
10168,Katherine Terry,redundancy,NEUTRAL_CONTEXT
10167,Katherine Terry,katherine,NEUTRAL_CONTEXT
10167,Katherine Terry,ha,NEUTRAL_CONTEXT
10167,Katherine Terry,a,NEUTRAL_CONTEXT
10167,Katherine Terry,bad,NEGATIVE_SIGNAL
10167,Katherine Terry,attitude,RISK_SIGNAL
10167,Katherine Terry,towards,NEUTRAL_CONTEXT
10167,Katherine Terry,work,NEUTRAL_CONTEXT
10167,Katherine Terry,and,NEUTRAL_CONTEXT
10167,Katherine Terry,ha,NEUTRAL_CONTEXT
10167,Katherine Terry,caused,NEUTRAL_CONTEXT
10167,Katherine Terry,some,NEUTRAL_CONTEXT
10167,Katherine Terry,concern,NEGATIVE_SIGNAL
10167,Katherine Terry,on,NEUTRAL_CONTEXT
10167,Katherine Terry,the,NEUTRAL_CONTEXT
10167,Katherine Terry,team,NEUTRAL_CONTEXT
10167,Katherine Terry,her,NEUTRAL_CONTEXT
10167,Katherine Terry,everyday,NEUTRAL_CONTEXT
10167,Katherine Terry,performance,NEUTRAL_CONTEXT
10167,Katherine Terry,is,NEUTRAL_CONTEXT
10167,Katherine Terry,low,NEGATIVE_SIGNAL
10167,Katherine Terry,in,NEUTRAL_CONTEXT
10167,Katherine Terry,quality,POSITIVE_SIGNAL
10167,Katherine Terry,and,NEUTRAL_CONTEXT
10167,Katherine Terry,attempt,NEUTRAL_CONTEXT
10167,Katherine Terry,at,NEUTRAL_CONTEXT
10167,Katherine Terry,training,GROWTH_SIGNAL
10167,Katherine Terry,have,NEUTRAL_CONTEXT
10167,Katherine Terry,been,NEUTRAL_CONTEXT
10167,Katherine Terry,unsuccessful,NEUTRAL_CONTEXT
10167,Katherine Terry,high,POSITIVE_SIGNAL
10167,Katherine Terry,priority,NEUTRAL_CONTEXT
10167,Katherine Terry,on,NEUTRAL_CONTEXT
10167,Katherine Terry,redundancy,NEUTRAL_CONTEXT
10167,Katherine Terry,list,NEUTRAL_CONTEXT
10140,Lexi Rogers,lexi,NEUTRAL_CONTEXT
10140,Lexi Rogers,rogers,NEUTRAL_CONTEXT
10140,Lexi Rogers,doe,NEUTRAL_CONTEXT
10140,Lexi Rogers,not,NEUTRAL_CONTEXT
10140,Lexi Rogers,meet,NEUTRAL_CONTEXT
10140,Lexi Rogers,expectation,NEUTRAL_CONTEXT
10140,Lexi Rogers,with,NEUTRAL_CONTEXT
10140,Lexi Rogers,the,NEUTRAL_CONTEXT
10140,Lexi Rogers,task,NEUTRAL_CONTEXT
10140,Lexi Rogers,given,NEUTRAL_CONTEXT
10140,Lexi Rogers,to,NEUTRAL_CONTEXT
10140,Lexi Rogers,her,NEUTRAL_CONTEXT
10140,Lexi Rogers,rogers,NEUTRAL_CONTEXT
10140,Lexi Rogers,lack,NEGATIVE_SIGNAL
10140,Lexi Rogers,consistency,NEUTRAL_CONTEXT
10140,Lexi Rogers,in,NEUTRAL_CONTEXT
10140,Lexi Rogers,her,NEUTRAL_CONTEXT
10140,Lexi Rogers,work,NEUTRAL_CONTEXT
10140,Lexi Rogers,and,NEUTRAL_CONTEXT
10140,Lexi Rogers,communication,NEUTRAL_CONTEXT
10140,Lexi Rogers,it,NEUTRAL_CONTEXT
10140,Lexi Rogers,is,NEUTRAL_CONTEXT
10140,Lexi Rogers,clear,NEUTRAL_CONTEXT
10140,Lexi Rogers,to,NEUTRAL_CONTEXT
10140,Lexi Rogers,me,NEUTRAL_CONTEXT
10140,Lexi Rogers,that,NEUTRAL_CONTEXT
10140,Lexi Rogers,more,NEUTRAL_CONTEXT
10140,Lexi Rogers,training,GROWTH_SIGNAL
10140,Lexi Rogers,is,NEUTRAL_CONTEXT
10140,Lexi Rogers,required,NEUTRAL_CONTEXT
10140,Lexi Rogers,of,NEUTRAL_CONTEXT
10140,Lexi Rogers,her,NEUTRAL_CONTEXT
10140,Lexi Rogers,until,NEUTRAL_CONTEXT
10140,Lexi Rogers,she,NEUTRAL_CONTEXT
10140,Lexi Rogers,can,NEUTRAL_CONTEXT
10140,Lexi Rogers,meet,NEUTRAL_CONTEXT
10140,Lexi Rogers,expectation,NEUTRAL_CONTEXT
10140,Lexi Rogers,if,NEUTRAL_CONTEXT
10140,Lexi Rogers,she,NEUTRAL_CONTEXT
10140,Lexi Rogers,doe,NEUTRAL_CONTEXT
10140,Lexi Rogers,not,NEUTRAL_CONTEXT
10140,Lexi Rogers,work,NEUTRAL_CONTEXT
10140,Lexi Rogers,up,NEUTRAL_CONTEXT
10140,Lexi Rogers,to,NEUTRAL_CONTEXT
10140,Lexi Rogers,the,NEUTRAL_CONTEXT
10140,Lexi Rogers,expectation,NEUTRAL_CONTEXT
10140,Lexi Rogers,she,NEUTRAL_CONTEXT
10140,Lexi Rogers,should,NEUTRAL_CONTEXT
10140,Lexi Rogers,be,NEUTRAL_CONTEXT
10140,Lexi Rogers,terminated,NEUTRAL_CONTEXT
10127,Marc Hughes,marc,NEUTRAL_CONTEXT
10127,Marc Hughes,hughes,NEUTRAL_CONTEXT
10127,Marc Hughes,is,NEUTRAL_CONTEXT
10127,Marc Hughes,not,NEUTRAL_CONTEXT
10127,Marc Hughes,showing,NEUTRAL_CONTEXT
10127,Marc Hughes,the,NEUTRAL_CONTEXT
10127,Marc Hughes,intent,NEUTRAL_CONTEXT
10127,Marc Hughes,that,NEUTRAL_CONTEXT
10127,Marc Hughes,is,NEUTRAL_CONTEXT
10127,Marc Hughes,needed,RISK_SIGNAL
10127,Marc Hughes,at,NEUTRAL_CONTEXT
10127,Marc Hughes,this,NEUTRAL_CONTEXT
10127,Marc Hughes,level,NEUTRAL_CONTEXT
10127,Marc Hughes,overall,NEUTRAL_CONTEXT
10127,Marc Hughes,his,NEUTRAL_CONTEXT
10127,Marc Hughes,work,NEUTRAL_CONTEXT
10127,Marc Hughes,ha,NEUTRAL_CONTEXT
10127,Marc Hughes,shown,NEUTRAL_CONTEXT
10127,Marc Hughes,little,NEUTRAL_CONTEXT
10127,Marc Hughes,talent,GROWTH_SIGNAL
10127,Marc Hughes,he,NEUTRAL_CONTEXT
10127,Marc Hughes,will,NEUTRAL_CONTEXT
10127,Marc Hughes,do,NEUTRAL_CONTEXT
10127,Marc Hughes,well,NEUTRAL_CONTEXT
10127,Marc Hughes,to,NEUTRAL_CONTEXT
10127,Marc Hughes,continue,NEUTRAL_CONTEXT
10127,Marc Hughes,developing,NEUTRAL_CONTEXT
10127,Marc Hughes,his,NEUTRAL_CONTEXT
10127,Marc Hughes,skill,NEUTRAL_CONTEXT
10127,Marc Hughes,at,NEUTRAL_CONTEXT
10127,Marc Hughes,this,NEUTRAL_CONTEXT
10127,Marc Hughes,time,NEUTRAL_CONTEXT
10127,Marc Hughes,the,NEUTRAL_CONTEXT
10127,Marc Hughes,work,NEUTRAL_CONTEXT
10127,Marc Hughes,ha,NEUTRAL_CONTEXT
10127,Marc Hughes,been,NEUTRAL_CONTEXT
10127,Marc Hughes,irregular,NEUTRAL_CONTEXT
10127,Marc Hughes,at,NEUTRAL_CONTEXT
10127,Marc Hughes,best,POSITIVE_SIGNAL
